id,name,symbol,slug,num_market_pairs,date_added,tags,max_supply,circulating_supply,total_supply,infinite_supply,platform,cmc_rank,self_reported_circulating_supply,self_reported_market_cap,tvl_ratio,last_updated,quote
1,Bitcoin,BTC,bitcoin,10943,2010-07-13T00:00:00.000Z,"['mineable', 'pow', 'sha-256', 'store-of-value', 'state-channel', 'coinbase-ventures-portfolio', 'three-arrows-capital-portfolio', 'polychain-capital-portfolio', 'binance-labs-portfolio', 'blockchain-capital-portfolio', 'boostvc-portfolio', 'cms-holdings-portfolio', 'dcg-portfolio', 'dragonfly-capital-portfolio', 'electric-capital-portfolio', 'fabric-ventures-portfolio', 'framework-ventures-portfolio', 'galaxy-digital-portfolio', 'huobi-capital-portfolio', 'alameda-research-portfolio', 'a16z-portfolio', '1confirmation-portfolio', 'winklevoss-capital-portfolio', 'usv-portfolio', 'placeholder-ventures-portfolio', 'pantera-capital-portfolio', 'multicoin-capital-portfolio', 'paradigm-portfolio', 'bitcoin-ecosystem', 'ftx-bankruptcy-estate']",21000000.0,19664912.0,19664912.0,False,,1,,,,2024-03-26T17:56:00.000Z,"{'USD': {'price': 70170.22445104478, 'volume_24h': 39416182113.83495, 'volume_change_24h': -4.1536, 'percent_change_1h': 0.78085847, 'percent_change_24h': -0.54129391, 'percent_change_7d': 8.49631767, 'percent_change_30d': 36.1264323, 'percent_change_60d': 67.40153147, 'percent_change_90d': 63.09563842, 'market_cap': 1379891288850.044, 'market_cap_dominance': 52.1914, 'fully_diluted_market_cap': 1473574713471.94, 'tvl': None, 'last_updated': '2024-03-26T17:56:00.000Z'}}"
1027,Ethereum,ETH,ethereum,8652,2015-08-07T00:00:00.000Z,"['pos', 'smart-contracts', 'ethereum-ecosystem', 'coinbase-ventures-portfolio', 'three-arrows-capital-portfolio', 'polychain-capital-portfolio', 'binance-labs-portfolio', 'blockchain-capital-portfolio', 'boostvc-portfolio', 'cms-holdings-portfolio', 'dcg-portfolio', 'dragonfly-capital-portfolio', 'electric-capital-portfolio', 'fabric-ventures-portfolio', 'framework-ventures-portfolio', 'hashkey-capital-portfolio', 'kenetic-capital-portfolio', 'huobi-capital-portfolio', 'alameda-research-portfolio', 'a16z-portfolio', '1confirmation-portfolio', 'winklevoss-capital-portfolio', 'usv-portfolio', 'placeholder-ventures-portfolio', 'pantera-capital-portfolio', 'multicoin-capital-portfolio', 'paradigm-portfolio', 'injective-ecosystem', 'layer-1', 'ftx-bankruptcy-estate']",,120074016.27550143,120074016.27550143,True,,2,,,,2024-03-26T17:55:00.000Z,"{'USD': {'price': 3587.0939794389683, 'volume_24h': 19497033913.015038, 'volume_change_24h': 13.18, 'percent_change_1h': 0.83264964, 'percent_change_24h': -1.24603983, 'percent_change_7d': 8.28941052, 'percent_change_30d': 17.13571146, 'percent_change_60d': 58.08056929, 'percent_change_90d': 52.65267021, 'market_cap': 430716780868.9079, 'market_cap_dominance': 16.2953, 'fully_diluted_market_cap': 430716780868.91, 'tvl': None, 'last_updated': '2024-03-26T17:55:00.000Z'}}"
825,Tether USDt,USDT,tether,80280,2015-02-25T00:00:00.000Z,"['payments', 'stablecoin', 'asset-backed-stablecoin', 'avalanche-ecosystem', 'solana-ecosystem', 'arbitrum-ecosytem', 'moonriver-ecosystem', 'injective-ecosystem', 'bnb-chain', 'usd-stablecoin', 'optimism-ecosystem']",,104233700559.26607,107792615137.11732,True,"{'id': 1027, 'name': 'Ethereum', 'symbol': 'ETH', 'slug': 'ethereum', 'token_address': '0xdac17f958d2ee523a2206206994597c13d831ec7'}",3,,,,2024-03-26T17:55:00.000Z,"{'USD': {'price': 1.0000928324640974, 'volume_24h': 81514579015.60312, 'volume_change_24h': 5.0656, 'percent_change_1h': -0.00585944, 'percent_change_24h': -0.02239943, 'percent_change_7d': 0.0364833, 'percent_change_30d': 0.01651336, 'percent_change_60d': 0.03045439, 'percent_change_90d': -0.03612683, 'market_cap': 104243376830.53098, 'market_cap_dominance': 3.9438, 'fully_diluted_market_cap': 107802621791.19, 'tvl': None, 'last_updated': '2024-03-26T17:55:00.000Z'}}"
1839,BNB,BNB,bnb,2124,2017-07-25T00:00:00.000Z,"['marketplace', 'centralized-exchange', 'payments', 'smart-contracts', 'alameda-research-portfolio', 'multicoin-capital-portfolio', 'bnb-chain', 'layer-1', 'sec-security-token', 'alleged-sec-securities', 'celsius-bankruptcy-estate']",,149536759.15318474,149536759.15318474,False,,4,,,,2024-03-26T17:55:00.000Z,"{'USD': {'price': 578.7967377632613, 'volume_24h': 2134711005.8138545, 'volume_change_24h': -14.1481, 'percent_change_1h': 0.75799675, 'percent_change_24h': -2.42894016, 'percent_change_7d': 8.93572777, 'percent_change_30d': 50.01746552, 'percent_change_60d': 91.67005053, 'percent_change_90d': 87.04628368, 'market_cap': 86551388373.55383, 'market_cap_dominance': 3.2745, 'fully_diluted_market_cap': 86551388373.55, 'tvl': None, 'last_updated': '2024-03-26T17:55:00.000Z'}}"
5426,Solana,SOL,solana,646,2020-04-10T00:00:00.000Z,"['pos', 'platform', 'solana-ecosystem', 'cms-holdings-portfolio', 'kenetic-capital-portfolio', 'alameda-research-portfolio', 'multicoin-capital-portfolio', 'okx-ventures-portfolio', 'layer-1', 'ftx-bankruptcy-estate', 'sec-security-token', 'alleged-sec-securities', 'cmc-crypto-awards-2024']",,444182193.1332053,572585187.3052429,True,,5,,,,2024-03-26T17:55:00.000Z,"{'USD': {'price': 188.78048923009518, 'volume_24h': 3622186355.8204136, 'volume_change_24h': -15.6678, 'percent_change_1h': 0.67422016, 'percent_change_24h': -2.35380394, 'percent_change_7d': 2.97904281, 'percent_change_30d': 82.66800281, 'percent_change_60d': 102.91045571, 'percent_change_90d': 75.02280124, 'market_cap': 83852931726.98312, 'market_cap_dominance': 3.1717, 'fully_diluted_market_cap': 108092911785.39, 'tvl': None, 'last_updated': '2024-03-26T17:55:00.000Z'}}"
52,XRP,XRP,xrp,1278,2013-08-04T00:00:00.000Z,"['medium-of-exchange', 'enterprise-solutions', 'arrington-xrp-capital-portfolio', 'galaxy-digital-portfolio', 'a16z-portfolio', 'pantera-capital-portfolio', 'ftx-bankruptcy-estate']",100000000000.0,54884241878.0,99987762348.0,False,,6,,,,2024-03-26T17:56:00.000Z,"{'USD': {'price': 0.6317839220318213, 'volume_24h': 2161210792.541111, 'volume_change_24h': 29.4142, 'percent_change_1h': 0.48710176, 'percent_change_24h': -2.58079944, 'percent_change_7d': 4.48956393, 'percent_change_30d': 16.07189916, 'percent_change_60d': 20.27851746, 'percent_change_90d': -0.5216987, 'market_cap': 34674981591.42597, 'market_cap_dominance': 1.312, 'fully_diluted_market_cap': 63178392203.18, 'tvl': None, 'last_updated': '2024-03-26T17:56:00.000Z'}}"
3408,USDC,USDC,usd-coin,17661,2018-10-08T00:00:00.000Z,"['medium-of-exchange', 'stablecoin', 'asset-backed-stablecoin', 'coinbase-ventures-portfolio', 'hedera-hashgraph-ecosystem', 'fantom-ecosystem', 'arbitrum-ecosytem', 'moonriver-ecosystem', 'bnb-chain', 'usd-stablecoin', 'optimism-ecosystem']",,32163572552.35952,32163572552.35952,False,"{'id': 1027, 'name': 'Ethereum', 'symbol': 'ETH', 'slug': 'ethereum', 'token_address': '0xa0b86991c6218b36c1d19d4a2e9eb0ce3606eb48'}",7,,,,2024-03-26T17:55:00.000Z,"{'USD': {'price': 0.999885675625784, 'volume_24h': 8496645781.2792845, 'volume_change_24h': 8.3925, 'percent_change_1h': 0.00095879, 'percent_change_24h': -0.00709499, 'percent_change_7d': -0.01741659, 'percent_change_30d': -0.00804945, 'percent_change_60d': -0.03752465, 'percent_change_90d': -0.01494094, 'market_cap': 32159895472.05492, 'market_cap_dominance': 1.2167, 'fully_diluted_market_cap': 32159895472.05, 'tvl': None, 'last_updated': '2024-03-26T17:55:00.000Z'}}"
74,Dogecoin,DOGE,dogecoin,938,2013-12-15T00:00:00.000Z,"['mineable', 'pow', 'scrypt', 'medium-of-exchange', 'memes', 'payments', 'doggone-doggerel', 'bnb-chain', 'ftx-bankruptcy-estate']",,143627896383.70526,143627896383.70526,True,,8,,,,2024-03-26T17:56:00.000Z,"{'USD': {'price': 0.17833438466641852, 'volume_24h': 2911768571.655598, 'volume_change_24h': 8.1164, 'percent_change_1h': 1.25228178, 'percent_change_24h': -1.99837903, 'percent_change_7d': 33.10667782, 'percent_change_30d': 106.95358187, 'percent_change_60d': 123.16396259, 'percent_change_90d': 90.89500319, 'market_cap': 25613792522.520195, 'market_cap_dominance': 0.9688, 'fully_diluted_market_cap': 25613792522.52, 'tvl': None, 'last_updated': '2024-03-26T17:56:00.000Z'}}"
2010,Cardano,ADA,cardano,1119,2017-10-01T00:00:00.000Z,"['dpos', 'pos', 'platform', 'research', 'smart-contracts', 'staking', 'cardano-ecosystem', 'cardano', 'layer-1', 'sec-security-token', 'alleged-sec-securities']",45000000000.0,35578754682.002,36742818378.514,False,,9,,,,2024-03-26T17:55:00.000Z,"{'USD': {'price': 0.6594128476389786, 'volume_24h': 634842337.8392625, 'volume_change_24h': 13.4346, 'percent_change_1h': 0.62240267, 'percent_change_24h': -0.66555178, 'percent_change_7d': 6.32106111, 'percent_change_30d': 12.54048404, 'percent_change_60d': 35.36205255, 'percent_change_90d': 4.52342175, 'market_cap': 23461087940.30758, 'market_cap_dominance': 0.8877, 'fully_diluted_market_cap': 29673578143.75, 'tvl': None, 'last_updated': '2024-03-26T17:55:00.000Z'}}"
5805,Avalanche,AVAX,avalanche,694,2020-07-13T00:00:00.000Z,"['defi', 'smart-contracts', 'three-arrows-capital-portfolio', 'polychain-capital-portfolio', 'avalanche-ecosystem', 'cms-holdings-portfolio', 'dragonfly-capital-portfolio', 'moonriver-ecosystem', 'injective-ecosystem', 'real-world-assets', 'layer-1']",715748719.0,377416536.4228908,436106176.4228908,False,,10,,,,2024-03-26T17:55:00.000Z,"{'USD': {'price': 56.0739218791428, 'volume_24h': 887365124.8625519, 'volume_change_24h': -12.245, 'percent_change_1h': 0.66142485, 'percent_change_24h': -3.3516865, 'percent_change_7d': -6.98738968, 'percent_change_30d': 52.00819826, 'percent_change_60d': 71.33575026, 'percent_change_90d': 31.50293691, 'market_cap': 21163225379.27383, 'market_cap_dominance': 0.8007, 'fully_diluted_market_cap': 40134837754.3, 'tvl': None, 'last_updated': '2024-03-26T17:55:00.000Z'}}"
5994,Shiba Inu,SHIB,shiba-inu,778,2020-08-01T00:00:00.000Z,"['memes', 'ethereum-ecosystem', 'doggone-doggerel']",,589289410812691.0,589534086491242.2,False,"{'id': 1027, 'name': 'Ethereum', 'symbol': 'ETH', 'slug': 'ethereum', 'token_address': '0x95ad61b0a150d79219dcf64e1e6cc01f0b64c4ce'}",11,,,,2024-03-26T17:55:00.000Z,"{'USD': {'price': 3.0121504829032224e-05, 'volume_24h': 1940306025.2301297, 'volume_change_24h': 43.5841, 'percent_change_1h': 1.6364409, 'percent_change_24h': 1.38308018, 'percent_change_7d': 14.94484275, 'percent_change_30d': 212.33323133, 'percent_change_60d': 231.95423637, 'percent_change_90d': 179.22209511, 'market_cap': 17750283833.492027, 'market_cap_dominance': 0.6715, 'fully_diluted_market_cap': 17757653833.13, 'tvl': None, 'last_updated': '2024-03-26T17:55:00.000Z'}}"
11419,Toncoin,TON,toncoin,235,2021-08-26T13:40:22.000Z,"['pos', 'layer-1', 'ftx-bankruptcy-estate', 'dwf-labs-portfolio', 'toncoin-ecosystem']",,3470255167.181745,5104666406.420894,True,,12,3414166606.0,17318481872.381577,,2024-03-26T17:55:00.000Z,"{'USD': {'price': 5.072535664178298, 'volume_24h': 295693452.20740837, 'volume_change_24h': -29.7622, 'percent_change_1h': 0.83644984, 'percent_change_24h': -8.62340176, 'percent_change_7d': 30.5808777, 'percent_change_30d': 140.88494222, 'percent_change_60d': 139.55643762, 'percent_change_90d': 131.53378037, 'market_cap': 17602993099.328426, 'market_cap_dominance': 0.666, 'fully_diluted_market_cap': 25893602400.3, 'tvl': None, 'last_updated': '2024-03-26T17:55:00.000Z'}}"
6636,Polkadot,DOT,polkadot-new,725,2020-08-19T00:00:00.000Z,"['substrate', 'polkadot', 'binance-chain', 'polkadot-ecosystem', 'three-arrows-capital-portfolio', 'polychain-capital-portfolio', 'arrington-xrp-capital-portfolio', 'blockchain-capital-portfolio', 'boostvc-portfolio', 'cms-holdings-portfolio', 'coinfund-portfolio', 'fabric-ventures-portfolio', 'fenbushi-capital-portfolio', 'hashkey-capital-portfolio', 'kenetic-capital-portfolio', '1confirmation-portfolio', 'placeholder-ventures-portfolio', 'pantera-capital-portfolio', 'exnetwork-capital-portfolio', 'web3', 'spartan-group', 'injective-ecosystem', 'bnb-chain', 'layer-1']",,1426333311.8719301,1426333311.8719301,True,,13,,,,2024-03-26T17:56:00.000Z,"{'USD': {'price': 9.600356628237655, 'volume_24h': 347017882.1779875, 'volume_change_24h': 20.6463, 'percent_change_1h': -0.12292219, 'percent_change_24h': -1.81640703, 'percent_change_7d': 4.94351943, 'percent_change_30d': 23.36938974, 'percent_change_60d': 43.37636879, 'percent_change_90d': 8.15442715, 'market_cap': 13693308464.70585, 'market_cap_dominance': 0.5179, 'fully_diluted_market_cap': 13693308464.71, 'tvl': None, 'last_updated': '2024-03-26T17:56:00.000Z'}}"
1975,Chainlink,LINK,chainlink,1704,2017-09-20T00:00:00.000Z,"['platform', 'defi', 'oracles', 'smart-contracts', 'substrate', 'polkadot', 'polkadot-ecosystem', 'avalanche-ecosystem', 'solana-ecosystem', 'framework-ventures-portfolio', 'polygon-ecosystem', 'fantom-ecosystem', 'cardano-ecosystem', 'web3', 'near-protocol-ecosystem', 'arbitrum-ecosytem', 'cardano', 'injective-ecosystem', 'optimism-ecosystem', 'real-world-assets', 'celsius-bankruptcy-estate']",1000000000.0,587099970.4527867,1000000000.0,False,"{'id': 1027, 'name': 'Ethereum', 'symbol': 'ETH', 'slug': 'ethereum', 'token_address': '0x514910771af9ca656af840dff83e8264ecf986ca'}",14,,,,2024-03-26T17:55:00.000Z,"{'USD': {'price': 19.8570466651586, 'volume_24h': 580506624.4782295, 'volume_change_24h': 34.0026, 'percent_change_1h': 0.08324682, 'percent_change_24h': 2.53917485, 'percent_change_7d': 11.7503489, 'percent_change_30d': 6.87270912, 'percent_change_60d': 39.97738339, 'percent_change_90d': 21.74563181, 'market_cap': 11658071510.39422, 'market_cap_dominance': 0.4411, 'fully_diluted_market_cap': 19857046665.16, 'tvl': None, 'last_updated': '2024-03-26T17:55:00.000Z'}}"
1958,TRON,TRX,tron,959,2017-09-13T00:00:00.000Z,"['media', 'payments', 'tron-ecosystem', 'layer-1', 'dwf-labs-portfolio', 'sec-security-token', 'alleged-sec-securities']",,87769102138.13359,87769208624.15294,True,,15,71659659264.0,8667532877.798027,,2024-03-26T17:55:00.000Z,"{'USD': {'price': 0.12095414584468134, 'volume_24h': 368789821.0216867, 'volume_change_24h': -1.3917, 'percent_change_1h': 0.23693422, 'percent_change_24h': 0.24886746, 'percent_change_7d': 2.87508262, 'percent_change_30d': -12.11933206, 'percent_change_60d': 5.35972581, 'percent_change_90d': 15.34526321, 'market_cap': 10616036780.672543, 'market_cap_dominance': 0.4015, 'fully_diluted_market_cap': 10616049660.6, 'tvl': None, 'last_updated': '2024-03-26T17:55:00.000Z'}}"
3890,Polygon,MATIC,polygon,1342,2019-04-28T00:00:00.000Z,"['pos', 'platform', 'enterprise-solutions', 'zero-knowledge-proofs', 'scaling', 'state-channel', 'coinbase-ventures-portfolio', 'layer-2', 'binance-launchpad', 'binance-labs-portfolio', 'polygon-ecosystem', 'moonriver-ecosystem', 'injective-ecosystem', 'ftx-bankruptcy-estate', 'sec-security-token', 'alleged-sec-securities', 'modular-blockchain', 'standard-crypto-portfolio']",10000000000.0,9906655339.654057,10000000000.0,False,,16,,,,2024-03-26T17:55:00.000Z,"{'USD': {'price': 1.0400192373386319, 'volume_24h': 426771633.55663574, 'volume_change_24h': 6.5932, 'percent_change_1h': 0.89581745, 'percent_change_24h': -1.22623689, 'percent_change_7d': 7.85915494, 'percent_change_30d': 6.66235954, 'percent_change_60d': 37.61523314, 'percent_change_90d': -0.33815489, 'market_cap': 10303112130.923697, 'market_cap_dominance': 0.3898, 'fully_diluted_market_cap': 10400192373.39, 'tvl': None, 'last_updated': '2024-03-26T17:55:00.000Z'}}"
1831,Bitcoin Cash,BCH,bitcoin-cash,867,2017-07-23T00:00:00.000Z,"['mineable', 'pow', 'sha-256', 'marketplace', 'medium-of-exchange', 'store-of-value', 'enterprise-solutions', 'payments', 'bitcoin-ecosystem', 'layer-1']",21000000.0,19679456.25,19679456.25,False,,17,,,,2024-03-26T17:55:00.000Z,"{'USD': {'price': 474.1681309460677, 'volume_24h': 618088744.6854591, 'volume_change_24h': -42.0576, 'percent_change_1h': 0.27963857, 'percent_change_24h': -4.53776351, 'percent_change_7d': 25.83408611, 'percent_change_30d': 76.73276456, 'percent_change_60d': 96.4729013, 'percent_change_90d': 89.25218424, 'market_cap': 9331370988.09741, 'market_cap_dominance': 0.353, 'fully_diluted_market_cap': 9957530749.87, 'tvl': None, 'last_updated': '2024-03-26T17:55:00.000Z'}}"
8916,Internet Computer,ICP,internet-computer,228,2021-03-23T00:00:00.000Z,"['platform', 'distributed-computing', 'collectibles-nfts', 'defi', 'privacy', 'interoperability', 'smart-contracts', 'dao', 'wallet', 'storage', 'polychain-capital-portfolio', 'governance', 'launchpad', 'lending-borowing', 'metaverse', 'electric-capital-portfolio', 'fenbushi-capital-portfolio', 'hashkey-capital-portfolio', 'a16z-portfolio', 'multicoin-capital-portfolio', 'exnetwork-capital-portfolio', 'web3', 'internet-computer-ecosystem', 'bitcoin-ecosystem', 'real-world-assets', 'layer-1', 'sec-security-token', 'alleged-sec-securities', 'depin']",,461283379.27556944,516305348.4748457,True,"{'id': 8916, 'name': 'ICP', 'symbol': 'ICP', 'slug': 'internet-computer', 'token_address': 'ryjl3-tyaaa-aaaaa-aaaba-cai'}",18,461283613.6203274,8742569958.997118,,2024-03-26T17:56:00.000Z,"{'USD': {'price': 18.952700032810917, 'volume_24h': 668026337.0311961, 'volume_change_24h': 12.0312, 'percent_change_1h': -1.50024113, 'percent_change_24h': 13.06292409, 'percent_change_7d': 62.21096308, 'percent_change_30d': 52.24824792, 'percent_change_60d': 53.82153402, 'percent_change_90d': 110.82375811, 'market_cap': 8742565517.531216, 'market_cap_dominance': 0.3307, 'fully_diluted_market_cap': 9785380394.98, 'tvl': None, 'last_updated': '2024-03-26T17:56:00.000Z'}}"
6535,NEAR Protocol,NEAR,near-protocol,386,2020-08-11T00:00:00.000Z,"['platform', 'ai-big-data', 'staking', 'coinbase-ventures-portfolio', 'three-arrows-capital-portfolio', 'arrington-xrp-capital-portfolio', 'coinfund-portfolio', 'electric-capital-portfolio', 'fabric-ventures-portfolio', 'kenetic-capital-portfolio', 'near-protocol-ecosystem', 'cross-chain', 'injective-ecosystem', 'circle-ventures-portfolio', 'layer-1', 'sec-security-token', 'alleged-sec-securities', 'account-abstraction', 'data-availability']",,1054016312.0,1183055596.0,False,,19,,,,2024-03-26T17:56:00.000Z,"{'USD': {'price': 7.710176249754609, 'volume_24h': 769700362.796265, 'volume_change_24h': 14.7721, 'percent_change_1h': 1.43568705, 'percent_change_24h': 1.97683361, 'percent_change_7d': 13.56066946, 'percent_change_30d': 105.73365135, 'percent_change_60d': 162.73707987, 'percent_change_90d': 89.32592174, 'market_cap': 8126651535.636344, 'market_cap_dominance': 0.3074, 'fully_diluted_market_cap': 9121567158.42, 'tvl': None, 'last_updated': '2024-03-26T17:56:00.000Z'}}"
21794,Aptos,APT,aptos,359,2022-10-19T01:50:25.000Z,"['binance-labs-portfolio', 'aptos-ecosystem', 'circle-ventures-portfolio', 'layer-1', 'ftx-bankruptcy-estate']",,396482534.80489343,1087748833.7665021,True,,20,130000000.0,2497246182.622529,,2024-03-26T17:55:00.000Z,"{'USD': {'price': 19.2095860201733, 'volume_24h': 631537931.4161929, 'volume_change_24h': 96.6043, 'percent_change_1h': 3.2384217, 'percent_change_24h': 16.08630618, 'percent_change_7d': 16.96578193, 'percent_change_30d': 98.61237958, 'percent_change_60d': 122.00602445, 'percent_change_90d': 88.21852518, 'market_cap': 7616265357.8309555, 'market_cap_dominance': 0.2881, 'fully_diluted_market_cap': 20895204790.58, 'tvl': None, 'last_updated': '2024-03-26T17:55:00.000Z'}}"
7083,Uniswap,UNI,uniswap,976,2020-09-17T00:00:00.000Z,"['decentralized-exchange-dex-token', 'defi', 'dao', 'yield-farming', 'amm', 'coinbase-ventures-portfolio', 'three-arrows-capital-portfolio', 'governance', 'blockchain-capital-portfolio', 'defiance-capital-portfolio', 'alameda-research-portfolio', 'a16z-portfolio', 'pantera-capital-portfolio', 'parafi-capital', 'paradigm-portfolio', 'arbitrum-ecosytem', 'injective-ecosystem', 'optimism-ecosystem', 'cmc-crypto-awards-2024']",1000000000.0,598736139.71,1000000000.0,False,"{'id': 1027, 'name': 'Ethereum', 'symbol': 'ETH', 'slug': 'ethereum', 'token_address': '0x1f9840a85d5af5bf1d1762f925bdaddc4201f984'}",21,,,1.32250097,2024-03-26T17:55:00.000Z,"{'USD': {'price': 12.588520918839459, 'volume_24h': 169344057.76699042, 'volume_change_24h': 7.1536, 'percent_change_1h': 0.58128076, 'percent_change_24h': -0.47890836, 'percent_change_7d': 12.42783532, 'percent_change_30d': 17.14069776, 'percent_change_60d': 112.19157913, 'percent_change_90d': 72.29766606, 'market_cap': 7537202419.60452, 'market_cap_dominance': 0.2852, 'fully_diluted_market_cap': 12588520918.84, 'tvl': 5699203688.55738, 'last_updated': '2024-03-26T17:55:00.000Z'}}"
2,Litecoin,LTC,litecoin,1146,2013-04-28T00:00:00.000Z,"['mineable', 'pow', 'scrypt', 'medium-of-exchange']",84000000.0,74353587.35750493,84000000.0,False,,22,,,,2024-03-26T17:56:00.000Z,"{'USD': {'price': 88.84015473804575, 'volume_24h': 546277676.3951648, 'volume_change_24h': -13.8492, 'percent_change_1h': 0.74807864, 'percent_change_24h': -2.2749562, 'percent_change_7d': 9.0309186, 'percent_change_30d': 26.45850969, 'percent_change_60d': 31.95851392, 'percent_change_90d': 17.92373717, 'market_cap': 6605584206.16954, 'market_cap_dominance': 0.2499, 'fully_diluted_market_cap': 7462572998, 'tvl': None, 'last_updated': '2024-03-26T17:56:00.000Z'}}"
3957,UNUS SED LEO,LEO,unus-sed-leo,46,2019-05-21T00:00:00.000Z,"['marketplace', 'centralized-exchange', 'discount-token', 'payments', 'kenetic-capital-portfolio', 'alameda-research-portfolio']",,926838737.9,985239504.0,False,"{'id': 1027, 'name': 'Ethereum', 'symbol': 'ETH', 'slug': 'ethereum', 'token_address': '0x2af5d2ad76741191d15dfe7bf6ac92d4bd912ca3'}",23,,,,2024-03-26T17:55:00.000Z,"{'USD': {'price': 6.072581300564942, 'volume_24h': 1352415.20910431, 'volume_change_24h': 35.04, 'percent_change_1h': 0.16295184, 'percent_change_24h': -0.34620444, 'percent_change_7d': -1.44210109, 'percent_change_30d': 45.4729555, 'percent_change_60d': 49.01629636, 'percent_change_90d': 53.01671745, 'market_cap': 5628303588.410751, 'market_cap_dominance': 0.2129, 'fully_diluted_market_cap': 5982946988.57, 'tvl': None, 'last_updated': '2024-03-26T17:55:00.000Z'}}"
4943,Dai,DAI,multi-collateral-dai,3129,2019-11-22T00:00:00.000Z,"['defi', 'stablecoin', 'asset-backed-stablecoin', 'ethereum-ecosystem', 'avalanche-ecosystem', 'polygon-ecosystem', 'fantom-ecosystem', 'arbitrum-ecosytem', 'harmony-ecosystem', 'moonriver-ecosystem', 'bnb-chain', 'usd-stablecoin', 'optimism-ecosystem']",,5347888595.7464075,5347888595.7464075,True,"{'id': 1027, 'name': 'Ethereum', 'symbol': 'ETH', 'slug': 'ethereum', 'token_address': '0x6b175474e89094c44da98b954eedeac495271d0f'}",24,,,,2024-03-26T17:55:00.000Z,"{'USD': {'price': 0.9999438186455732, 'volume_24h': 393408157.4388965, 'volume_change_24h': 1.1019, 'percent_change_1h': 4.533e-05, 'percent_change_24h': -0.00939867, 'percent_change_7d': -0.02534416, 'percent_change_30d': -0.0172026, 'percent_change_60d': -0.02562577, 'percent_change_90d': -0.00929596, 'market_cap': 5347588144.121775, 'market_cap_dominance': 0.2023, 'fully_diluted_market_cap': 5347588144.12, 'tvl': None, 'last_updated': '2024-03-26T17:55:00.000Z'}}"
4847,Stacks,STX,stacks,167,2019-10-28T00:00:00.000Z,"['mineable', 'platform', 'collectibles-nfts', 'defi', 'smart-contracts', 'metaverse', 'arrington-xrp-capital-portfolio', 'blockchain-capital-portfolio', 'dcg-portfolio', 'fabric-ventures-portfolio', 'hashkey-capital-portfolio', 'huobi-capital-portfolio', 'usv-portfolio', 'web3', 'injective-ecosystem', 'bitcoin-ecosystem']",1818000000.0,1447353093.482083,1818000000.0,False,,25,1048765672.087772,3680670403.774021,,2024-03-26T17:56:00.000Z,"{'USD': {'price': 3.509526009224664, 'volume_24h': 213743933.4470907, 'volume_change_24h': -26.9676, 'percent_change_1h': 1.10356468, 'percent_change_24h': -5.56522267, 'percent_change_7d': 21.51687628, 'percent_change_30d': 37.02793719, 'percent_change_60d': 131.84714837, 'percent_change_90d': 126.73737327, 'market_cap': 5079523326.107147, 'market_cap_dominance': 0.1922, 'fully_diluted_market_cap': 6380318284.77, 'tvl': None, 'last_updated': '2024-03-26T17:56:00.000Z'}}"
2280,Filecoin,FIL,filecoin,457,2017-12-13T00:00:00.000Z,"['mineable', 'distributed-computing', 'filesharing', 'storage', 'polychain-capital-portfolio', 'blockchain-capital-portfolio', 'boostvc-portfolio', 'dcg-portfolio', 'hashkey-capital-portfolio', 'a16z-portfolio', 'winklevoss-capital-portfolio', 'pantera-capital-portfolio', 'web3', 'filecoin-ecosystem', 'sec-security-token', 'alleged-sec-securities', 'depin']",,527605290.0,1960807094.0,False,,26,,,,2024-03-26T17:56:00.000Z,"{'USD': {'price': 9.337447725111256, 'volume_24h': 394661841.8928795, 'volume_change_24h': 15.757, 'percent_change_1h': 0.5603414, 'percent_change_24h': -0.86648938, 'percent_change_7d': 10.09282571, 'percent_change_30d': 13.22705506, 'percent_change_60d': 80.04925067, 'percent_change_90d': 57.36071596, 'market_cap': 4926486814.867165, 'market_cap_dominance': 0.1863, 'fully_diluted_market_cap': 18308933739.25, 'tvl': None, 'last_updated': '2024-03-26T17:56:00.000Z'}}"
3794,Cosmos,ATOM,cosmos,734,2019-03-14T00:00:00.000Z,"['platform', 'cosmos-ecosystem', 'content-creation', 'interoperability', 'polychain-capital-portfolio', 'dragonfly-capital-portfolio', 'hashkey-capital-portfolio', '1confirmation-portfolio', 'paradigm-portfolio', 'exnetwork-capital-portfolio', 'injective-ecosystem', 'layer-1', 'sec-security-token', 'alleged-sec-securities']",,390930671.0,390930671.0,True,,27,,,,2024-03-26T17:55:00.000Z,"{'USD': {'price': 12.105049097410566, 'volume_24h': 268439383.0386806, 'volume_change_24h': 40.9661, 'percent_change_1h': 0.87150845, 'percent_change_24h': -1.16436685, 'percent_change_7d': 6.53355418, 'percent_change_30d': 17.79435166, 'percent_change_60d': 24.72923407, 'percent_change_90d': 1.57002303, 'market_cap': 4732234966.138657, 'market_cap_dominance': 0.1791, 'fully_diluted_market_cap': 4732234966.14, 'tvl': None, 'last_updated': '2024-03-26T17:55:00.000Z'}}"
1321,Ethereum Classic,ETC,ethereum-classic,519,2016-07-24T00:00:00.000Z,"['mineable', 'pow', 'ethash', 'platform', 'smart-contracts', 'dcg-portfolio']",210700000.0,146228873.87670898,210700000.0,False,,28,,,,2024-03-26T17:55:00.000Z,"{'USD': {'price': 32.135140509608874, 'volume_24h': 302619779.0536748, 'volume_change_24h': 16.098, 'percent_change_1h': 0.72514592, 'percent_change_24h': -0.75292306, 'percent_change_7d': 10.55321834, 'percent_change_30d': 19.55583661, 'percent_change_60d': 34.53505258, 'percent_change_90d': 44.71783239, 'market_cap': 4699085408.589918, 'market_cap_dominance': 0.1778, 'fully_diluted_market_cap': 6770874105.37, 'tvl': None, 'last_updated': '2024-03-26T17:55:00.000Z'}}"
11841,Arbitrum,ARB,arbitrum,829,2023-03-23T12:50:11.000Z,"['scaling', 'dao', 'dapp', 'ethereum-ecosystem', 'polychain-capital-portfolio', 'layer-2', 'rollups', 'pantera-capital-portfolio', 'arbitrum-ecosytem', 'modular-blockchain', 'egirl-capital-portfolio']",,2653939384.0,10000000000.0,False,"{'id': 11841, 'name': 'Arbitrum', 'symbol': 'ARB', 'slug': 'arbitrum', 'token_address': '0x912CE59144191C1204E64559FE8253a0e49E6548'}",29,,,,2024-03-26T17:55:00.000Z,"{'USD': {'price': 1.6951321095523595, 'volume_24h': 554100295.7764622, 'volume_change_24h': 8.183, 'percent_change_1h': 1.3101936, 'percent_change_24h': -2.45354157, 'percent_change_7d': 3.65743826, 'percent_change_30d': -9.42920772, 'percent_change_60d': -5.30450471, 'percent_change_90d': 13.62473109, 'market_cap': 4498777866.624009, 'market_cap_dominance': 0.1702, 'fully_diluted_market_cap': 16951321095.52, 'tvl': None, 'last_updated': '2024-03-26T17:55:00.000Z'}}"
10603,Immutable,IMX,immutable-x,269,2021-06-24T00:00:00.000Z,"['collectibles-nfts', 'zero-knowledge-proofs', 'gaming', 'scaling', 'layer-2', 'rollups', 'arrington-xrp-capital-portfolio', 'alameda-research-portfolio']",2000000000.0,1423019954.3898141,2000000000.0,False,"{'id': 1027, 'name': 'Ethereum', 'symbol': 'ETH', 'slug': 'ethereum', 'token_address': '0xf57e7e7c23978c3caec3c3548e3d615c346e79ff'}",30,570354831.0,1734562609.0034642,,2024-03-26T17:56:00.000Z,"{'USD': {'price': 3.0411991180337075, 'volume_24h': 75565117.24178271, 'volume_change_24h': 8.1228, 'percent_change_1h': 0.43835061, 'percent_change_24h': -2.55083998, 'percent_change_7d': 12.64916236, 'percent_change_30d': -3.90460798, 'percent_change_60d': 59.41413167, 'percent_change_90d': 20.32257721, 'market_cap': 4327687030.23467, 'market_cap_dominance': 0.1637, 'fully_diluted_market_cap': 6082398236.07, 'tvl': None, 'last_updated': '2024-03-26T17:56:00.000Z'}}"
5690,Render,RNDR,render,342,2020-06-11T00:00:00.000Z,"['art', 'media', 'vr-ar', 'ai-big-data', 'distributed-computing', 'collectibles-nfts', 'scaling', 'video', 'ethereum-ecosystem', 'solana-ecosystem', 'metaverse', 'alameda-research-portfolio', 'multicoin-capital-portfolio', 'polygon-ecosystem', 'web3', 'generative-ai', 'depin']",536870912.0,381860659.2928149,532065368.5728149,False,"{'id': 1027, 'name': 'Ethereum', 'symbol': 'ETH', 'slug': 'ethereum', 'token_address': '0x6de037ef9ad2725eb40118bb1702ebb27e4aeb24'}",31,,,,2024-03-26T17:55:00.000Z,"{'USD': {'price': 11.07473921622306, 'volume_24h': 304750929.5530618, 'volume_change_24h': 10.0549, 'percent_change_1h': 1.66392851, 'percent_change_24h': -1.49273341, 'percent_change_7d': -1.0106394, 'percent_change_30d': 52.2549778, 'percent_change_60d': 178.63038127, 'percent_change_90d': 120.74293799, 'market_cap': 4229007218.60293, 'market_cap_dominance': 0.16, 'fully_diluted_market_cap': 5945705343.18, 'tvl': None, 'last_updated': '2024-03-26T17:55:00.000Z'}}"
4642,Hedera,HBAR,hedera,242,2019-09-17T00:00:00.000Z,"['dag', 'marketplace', 'enterprise-solutions', 'payments', 'dcg-portfolio', 'hedera-hashgraph-ecosystem', 'layer-1']",50000000000.0,33700898670.805595,50000000000.0,False,,32,,,,2024-03-26T17:56:00.000Z,"{'USD': {'price': 0.12000387003833636, 'volume_24h': 164556626.25340828, 'volume_change_24h': 155.4593, 'percent_change_1h': 1.1436509, 'percent_change_24h': 3.18068271, 'percent_change_7d': 13.28940994, 'percent_change_30d': 11.55770832, 'percent_change_60d': 62.02612329, 'percent_change_90d': 30.52373917, 'market_cap': 4044238264.266497, 'market_cap_dominance': 0.153, 'fully_diluted_market_cap': 6000193501.92, 'tvl': None, 'last_updated': '2024-03-26T17:56:00.000Z'}}"
11840,Optimism,OP,optimism-ethereum,497,2022-05-31T16:19:46.000Z,"['layer-2', 'optimism-ecosystem', 'modular-blockchain']",4294967296.0,1006141600.0,4294967296.0,False,"{'id': 11840, 'name': 'Optimism', 'symbol': 'OP', 'slug': 'optimism-ethereum', 'token_address': '0x4200000000000000000000000000000000000042'}",33,,,,2024-03-26T17:55:00.000Z,"{'USD': {'price': 3.9475732427202765, 'volume_24h': 362361991.5259874, 'volume_change_24h': 5.1867, 'percent_change_1h': 2.20995343, 'percent_change_24h': 2.95939589, 'percent_change_7d': 17.41532361, 'percent_change_30d': 4.0382472, 'percent_change_60d': 27.92603057, 'percent_change_90d': -3.23181358, 'market_cap': 3971817658.547767, 'market_cap_dominance': 0.1503, 'fully_diluted_market_cap': 16954697976.05, 'tvl': None, 'last_updated': '2024-03-26T17:55:00.000Z'}}"
3897,OKB,OKB,okb,119,2019-04-30T00:00:00.000Z,"['marketplace', 'centralized-exchange', 'discount-token', 'alameda-research-portfolio', 'x1-ecosystem']",,60000000.0,300000000.0,False,"{'id': 1027, 'name': 'Ethereum', 'symbol': 'ETH', 'slug': 'ethereum', 'token_address': '0x75231f58b43240c9718dd58b4967c5114342a86c'}",34,246638974.0,16256919088.085487,,2024-03-26T17:55:00.000Z,"{'USD': {'price': 65.91382872070125, 'volume_24h': 14789946.62856878, 'volume_change_24h': 5.1097, 'percent_change_1h': 0.58536342, 'percent_change_24h': 0.79964158, 'percent_change_7d': 11.07677778, 'percent_change_30d': 30.66124429, 'percent_change_60d': 20.9650793, 'percent_change_90d': 19.17375339, 'market_cap': 3954829723.242075, 'market_cap_dominance': 0.1496, 'fully_diluted_market_cap': 19774148616.21, 'tvl': None, 'last_updated': '2024-03-26T17:55:00.000Z'}}"
512,Stellar,XLM,stellar,582,2014-08-05T00:00:00.000Z,"['medium-of-exchange', 'enterprise-solutions', 'decentralized-exchange-dex-token', 'smart-contracts', 'hashkey-capital-portfolio']",50001806812.0,28732247614.144382,50001787007.70906,False,,35,,,,2024-03-26T17:56:00.000Z,"{'USD': {'price': 0.137171020803676, 'volume_24h': 130101668.48626816, 'volume_change_24h': 32.653, 'percent_change_1h': 0.53821478, 'percent_change_24h': -0.69906936, 'percent_change_7d': 8.0430292, 'percent_change_30d': 18.39961922, 'percent_change_60d': 19.07783465, 'percent_change_90d': 4.11092678, 'market_cap': 3941231735.216169, 'market_cap_dominance': 0.1491, 'fully_diluted_market_cap': 6858798882.43, 'tvl': None, 'last_updated': '2024-03-26T17:56:00.000Z'}}"
3635,Cronos,CRO,cronos,232,2018-12-14T00:00:00.000Z,"['medium-of-exchange', 'cosmos-ecosystem', 'centralized-exchange', 'mobile', 'payments', 'injective-ecosystem', 'layer-1']",30263013692.0,26571560696.0,30000000000.0,False,,36,,,,2024-03-26T17:55:00.000Z,"{'USD': {'price': 0.14696217959000699, 'volume_24h': 33049826.09292166, 'volume_change_24h': 61.6426, 'percent_change_1h': 1.25647343, 'percent_change_24h': -1.08817516, 'percent_change_7d': 14.01066855, 'percent_change_30d': 56.92207064, 'percent_change_60d': 79.27085756, 'percent_change_90d': 47.17424857, 'market_cap': 3905014474.992323, 'market_cap_dominance': 0.1477, 'fully_diluted_market_cap': 4447518453.14, 'tvl': None, 'last_updated': '2024-03-26T17:55:00.000Z'}}"
22974,Bittensor,TAO,bittensor,27,2023-03-06T05:20:00.000Z,"['ai-big-data', 'distributed-computing', 'oracles', 'dao', 'polkadot-ecosystem', 'polychain-capital-portfolio', 'dcg-portfolio', 'open-source', 'generative-ai', 'depin']",21000000.0,6485453.0,6485453.0,False,,37,,,,2024-03-26T17:56:00.000Z,"{'USD': {'price': 586.1040696685168, 'volume_24h': 31325920.87004365, 'volume_change_24h': 19.5865, 'percent_change_1h': 2.37318904, 'percent_change_24h': -5.14368996, 'percent_change_7d': -10.44907296, 'percent_change_30d': 3.96519622, 'percent_change_60d': 76.80168399, 'percent_change_90d': 90.63948543, 'market_cap': 3801150396.943891, 'market_cap_dominance': 0.1438, 'fully_diluted_market_cap': 12308185463.04, 'tvl': None, 'last_updated': '2024-03-26T17:56:00.000Z'}}"
6719,The Graph,GRT,the-graph,447,2020-12-17T00:00:00.000Z,"['ai-big-data', 'enterprise-solutions', 'defi', 'coinbase-ventures-portfolio', 'solana-ecosystem', 'analytics', 'coinfund-portfolio', 'dcg-portfolio', 'fabric-ventures-portfolio', 'framework-ventures-portfolio', 'ledgerprime-portfolio', 'multicoin-capital-portfolio', 'parafi-capital', 'polygon-ecosystem', 'fantom-ecosystem', 'web3', 'near-protocol-ecosystem', 'arbitrum-ecosytem', 'spartan-group', 'injective-ecosystem']",,9456389405.241188,10795604234.671812,False,"{'id': 1027, 'name': 'Ethereum', 'symbol': 'ETH', 'slug': 'ethereum', 'token_address': '0xc944e90c64b2c07662a292be6244bdf05cda44a7'}",38,,,,2024-03-26T17:56:00.000Z,"{'USD': {'price': 0.39576303611794844, 'volume_24h': 206347123.88962168, 'volume_change_24h': 25.7546, 'percent_change_1h': 0.71047553, 'percent_change_24h': -1.65871648, 'percent_change_7d': 0.50871359, 'percent_change_30d': 35.20181297, 'percent_change_60d': 152.29627302, 'percent_change_90d': 105.73502238, 'market_cap': 3742489381.7318535, 'market_cap_dominance': 0.1416, 'fully_diluted_market_cap': 4272501108.64, 'tvl': None, 'last_updated': '2024-03-26T17:56:00.000Z'}}"
7226,Injective,INJ,injective,344,2020-09-29T00:00:00.000Z,"['pos', 'platform', 'cosmos-ecosystem', 'defi', 'smart-contracts', 'cosmos', 'binance-smart-chain', 'binance-launchpad', 'binance-labs-portfolio', 'cms-holdings-portfolio', 'pantera-capital-portfolio', 'web3', 'injective-ecosystem', 'layer-1']",,93400000.0,100000000.0,False,"{'id': 7226, 'name': 'Injective', 'symbol': 'INJ', 'slug': 'injective', 'token_address': 'inj'}",39,,,,2024-03-26T17:55:00.000Z,"{'USD': {'price': 39.04315850369589, 'volume_24h': 231864417.599112, 'volume_change_24h': 44.262, 'percent_change_1h': 1.53935731, 'percent_change_24h': 2.62805594, 'percent_change_7d': 6.4592196, 'percent_change_30d': 12.51886856, 'percent_change_60d': 14.10153667, 'percent_change_90d': 0.07186831, 'market_cap': 3646631004.2451963, 'market_cap_dominance': 0.138, 'fully_diluted_market_cap': 3904315850.37, 'tvl': None, 'last_updated': '2024-03-26T17:55:00.000Z'}}"
24478,Pepe,PEPE,pepe,353,2023-04-17T06:18:08.000Z,['memes'],420690000000000.0,420689899999994.8,420689899999994.8,False,"{'id': 1027, 'name': 'Ethereum', 'symbol': 'ETH', 'slug': 'ethereum', 'token_address': '0x6982508145454ce325ddbe47a25d4ec3d2311933'}",40,420690000000000.0,3351505813.1152396,,2024-03-26T17:55:00.000Z,"{'USD': {'price': 7.966687615857851e-06, 'volume_24h': 942738883.5104231, 'volume_change_24h': -11.1206, 'percent_change_1h': 0.46690611, 'percent_change_24h': -4.7101564, 'percent_change_7d': 11.69404413, 'percent_change_30d': 502.81369507, 'percent_change_60d': 635.690385, 'percent_change_90d': 451.11513065, 'market_cap': 3351505016.4464364, 'market_cap_dominance': 0.1268, 'fully_diluted_market_cap': 3351505813.12, 'tvl': None, 'last_updated': '2024-03-26T17:55:00.000Z'}}"
28752,dogwifhat,WIF,dogwifhat,200,2023-12-19T09:08:50.000Z,"['memes', 'solana-ecosystem', 'doggone-doggerel']",,998920172.89,998920172.89,False,"{'id': 5426, 'name': 'Solana', 'symbol': 'SOL', 'slug': 'solana', 'token_address': 'EKpQGSJtjMFqKZ9KQanSqYXRcF8fBopzLHYxdM65zcjm'}",43,,,,2024-03-26T17:56:00.000Z,"{'USD': {'price': 3.2236669027562104, 'volume_24h': 628425977.8093905, 'volume_change_24h': -9.0491, 'percent_change_1h': 4.52769192, 'percent_change_24h': 15.91181536, 'percent_change_7d': 24.77398681, 'percent_change_30d': 858.02852583, 'percent_change_60d': 783.68303718, 'percent_change_90d': 2148.74691659, 'market_cap': 3220185899.8410044, 'market_cap_dominance': 0.1218, 'fully_diluted_market_cap': 3220185899.84, 'tvl': None, 'last_updated': '2024-03-26T17:56:00.000Z'}}"
20396,Kaspa,KAS,kaspa,111,2022-06-01T00:03:58.000Z,"['mineable', 'dag', 'pow', 'store-of-value', 'polychain-capital-portfolio', 'layer-1']",28700000000.0,23137426172.68778,23137426172.68778,False,,41,,,,2024-03-26T17:55:00.000Z,"{'USD': {'price': 0.13939707971175996, 'volume_24h': 75048395.39119174, 'volume_change_24h': 1.1013, 'percent_change_1h': 0.31538278, 'percent_change_24h': -6.56244219, 'percent_change_7d': 9.35362602, 'percent_change_30d': -18.09418768, 'percent_change_60d': 32.78446707, 'percent_change_90d': 34.69301979, 'market_cap': 3225289640.5191197, 'market_cap_dominance': 0.122, 'fully_diluted_market_cap': 4000696187.73, 'tvl': None, 'last_updated': '2024-03-26T17:55:00.000Z'}}"
4157,THORChain,RUNE,thorchain,175,2019-07-23T00:00:00.000Z,"['cosmos-ecosystem', 'decentralized-exchange-dex-token', 'defi', 'dex', 'multicoin-capital-portfolio', 'exnetwork-capital-portfolio', 'injective-ecosystem']",,335926094.0,417005792.0,False,,42,254843807.0,2445181316.9467196,6.97445397,2024-03-26T17:56:00.000Z,"{'USD': {'price': 9.594823377233254, 'volume_24h': 774345927.1335307, 'volume_change_24h': 62.49, 'percent_change_1h': 1.74450265, 'percent_change_24h': 5.58263455, 'percent_change_7d': 20.77008713, 'percent_change_30d': 78.01145317, 'percent_change_60d': 118.91270023, 'percent_change_90d': 70.78761564, 'market_cap': 3223151539.7338557, 'market_cap_dominance': 0.1219, 'fully_diluted_market_cap': 4001096921.52, 'tvl': 462136757.34612, 'last_updated': '2024-03-26T17:56:00.000Z'}}"
3077,VeChain,VET,vechain,280,2017-08-22T00:00:00.000Z,"['logistics', 'data-provenance', 'iot', 'smart-contracts', 'fenbushi-capital-portfolio']",86712634466.0,72714516834.0,85985041177.0,False,,44,72714516834.0,3204816943.5208364,,2024-03-26T17:55:00.000Z,"{'USD': {'price': 0.04407396326151921, 'volume_24h': 91694061.86876085, 'volume_change_24h': 26.7035, 'percent_change_1h': 0.18217346, 'percent_change_24h': -1.60068916, 'percent_change_7d': 9.43449569, 'percent_change_30d': -1.4123482, 'percent_change_60d': 58.14839068, 'percent_change_90d': 17.34728272, 'market_cap': 3204816943.5208364, 'market_cap_dominance': 0.1212, 'fully_diluted_market_cap': 3821769465.76, 'tvl': None, 'last_updated': '2024-03-26T17:55:00.000Z'}}"
2416,Theta Network,THETA,theta-network,191,2018-01-17T00:00:00.000Z,"['media', 'vr-ar', 'ai-big-data', 'distributed-computing', 'collectibles-nfts', 'content-creation', 'defi', 'entertainment', 'sharing-economy', 'smart-contracts', 'video', 'metaverse', 'huobi-capital-portfolio', 'web3', 'layer-1', 'depin']",1000000000.0,1000000000.0,1000000000.0,False,,45,,,,2024-03-26T17:56:00.000Z,"{'USD': {'price': 3.1188188627212914, 'volume_24h': 94874377.77965333, 'volume_change_24h': 0.4582, 'percent_change_1h': 1.26751876, 'percent_change_24h': 1.1105947, 'percent_change_7d': 15.09568701, 'percent_change_30d': 128.2068301, 'percent_change_60d': 218.20546253, 'percent_change_90d': 134.06537306, 'market_cap': 3118818862.7212915, 'market_cap_dominance': 0.118, 'fully_diluted_market_cap': 3118818862.72, 'tvl': None, 'last_updated': '2024-03-26T17:56:00.000Z'}}"
3513,Fantom,FTM,fantom,640,2018-10-29T00:00:00.000Z,"['platform', 'enterprise-solutions', 'defi', 'research', 'scaling', 'smart-contracts', 'fantom-ecosystem', 'injective-ecosystem', 'layer-1']",3175000000.0,2803634835.5265927,3175000000.0,False,,46,,,,2024-03-26T17:55:00.000Z,"{'USD': {'price': 1.073372899188547, 'volume_24h': 460306904.9243678, 'volume_change_24h': -3.5188, 'percent_change_1h': 1.28383239, 'percent_change_24h': -9.75791235, 'percent_change_7d': 2.17350876, 'percent_change_30d': 156.6165323, 'percent_change_60d': 196.86823228, 'percent_change_90d': 110.01314239, 'market_cap': 3009345651.675184, 'market_cap_dominance': 0.1139, 'fully_diluted_market_cap': 3407958954.92, 'tvl': None, 'last_updated': '2024-03-26T17:55:00.000Z'}}"
1518,Maker,MKR,maker,458,2017-01-29T00:00:00.000Z,"['store-of-value', 'defi', 'dao', 'polychain-capital-portfolio', 'governance', 'lending-borowing', 'dragonfly-capital-portfolio', 'electric-capital-portfolio', 'a16z-portfolio', '1confirmation-portfolio', 'placeholder-ventures-portfolio', 'pantera-capital-portfolio', 'paradigm-portfolio', 'near-protocol-ecosystem', 'arbitrum-ecosytem', 'spartan-group', 'bnb-chain', 'real-world-assets', 'standard-crypto-portfolio']",1005577.0,924479.48552239,977631.03695089,False,"{'id': 1027, 'name': 'Ethereum', 'symbol': 'ETH', 'slug': 'ethereum', 'token_address': '0x9f8f72aa9304c8b593d555f12ef6589cc3a579a2'}",47,,,0.4372838,2024-03-26T17:55:00.000Z,"{'USD': {'price': 3236.323092526978, 'volume_24h': 95051458.6229587, 'volume_change_24h': -8.1794, 'percent_change_1h': 0.92770768, 'percent_change_24h': -3.14939322, 'percent_change_7d': 11.80005046, 'percent_change_30d': 59.12679303, 'percent_change_60d': 57.94132446, 'percent_change_90d': 116.6721909, 'market_cap': 2991914307.563571, 'market_cap_dominance': 0.1132, 'fully_diluted_market_cap': 3254372066.41, 'tvl': 6842042464.86501, 'last_updated': '2024-03-26T17:55:00.000Z'}}"
27075,Mantle,MNT,mantle,55,2023-07-17T11:00:31.000Z,"['ethereum-ecosystem', 'layer-2', 'dwf-labs-portfolio']",6219316795.0,3233737802.0331407,6219316794.99,False,"{'id': 1027, 'name': 'Ethereum', 'symbol': 'ETH', 'slug': 'ethereum', 'token_address': '0x3c3a81e81dc49a522a592e7622a7e711c06bf354'}",48,1843669839.0,1682602535.668882,,2024-03-26T17:56:00.000Z,"{'USD': {'price': 0.9126376643344773, 'volume_24h': 263320664.65304607, 'volume_change_24h': 13.3092, 'percent_change_1h': 0.93140438, 'percent_change_24h': 6.18796152, 'percent_change_7d': 11.18838383, 'percent_change_30d': 8.72031787, 'percent_change_60d': 39.10228253, 'percent_change_90d': 51.28756197, 'market_cap': 2951230914.717632, 'market_cap_dominance': 0.1116, 'fully_diluted_market_cap': 5675982753.54, 'tvl': None, 'last_updated': '2024-03-26T17:56:00.000Z'}}"
8000,Lido DAO,LDO,lido-dao,376,2020-12-15T00:00:00.000Z,"['defi', 'dao', 'three-arrows-capital-portfolio', 'paradigm-portfolio', 'arbitrum-ecosytem', 'liquid-staking-derivatives', 'optimism-ecosystem', 'standard-crypto-portfolio', 'egirl-capital-portfolio']",1000000000.0,891709747.0789334,1000000000.0,False,"{'id': 1027, 'name': 'Ethereum', 'symbol': 'ETH', 'slug': 'ethereum', 'token_address': '0x5a98fcbea516cf06857215779fd812ca3bef1b32'}",49,891709797.6185291,2796569351.5055065,0.07954827,2024-03-26T17:55:00.000Z,"{'USD': {'price': 3.1361877585894495, 'volume_24h': 109842446.71374536, 'volume_change_24h': -22.015, 'percent_change_1h': 0.23314575, 'percent_change_24h': -4.29795872, 'percent_change_7d': 30.48482834, 'percent_change_30d': -6.16135107, 'percent_change_60d': 2.28919222, 'percent_change_90d': 16.58079026, 'market_cap': 2796569193.0038447, 'market_cap_dominance': 0.1058, 'fully_diluted_market_cap': 3136187758.59, 'tvl': 35155623386.7514, 'last_updated': '2024-03-26T17:55:00.000Z'}}"
5632,Arweave,AR,arweave,128,2020-05-27T00:00:00.000Z,"['distributed-computing', 'filesharing', 'storage', 'coinbase-ventures-portfolio', 'solana-ecosystem', 'arrington-xrp-capital-portfolio', 'blockchain-capital-portfolio', 'a16z-portfolio', 'multicoin-capital-portfolio', 'web3', 'egirl-capital-portfolio', 'depin']",66000000.0,65454185.0,65454185.0,False,,50,,,,2024-03-26T17:55:00.000Z,"{'USD': {'price': 41.14698662613526, 'volume_24h': 123948717.29741886, 'volume_change_24h': -20.5876, 'percent_change_1h': 1.04036686, 'percent_change_24h': -5.96714793, 'percent_change_7d': 27.34740881, 'percent_change_30d': 156.20739423, 'percent_change_60d': 362.55991981, 'percent_change_90d': 304.3404449, 'market_cap': 2693242474.819583, 'market_cap_dominance': 0.1019, 'fully_diluted_market_cap': 2715701117.32, 'tvl': None, 'last_updated': '2024-03-26T17:55:00.000Z'}}"
26081,First Digital USD,FDUSD,first-digital-usd,262,2023-07-26T04:26:40.000Z,"['stablecoin', 'ethereum-ecosystem', 'binance-smart-chain', 'usd-stablecoin']",,2626707778.85,2626707778.85,False,"{'id': 1027, 'name': 'Ethereum', 'symbol': 'ETH', 'slug': 'ethereum', 'token_address': '0xc5f0f7b66764F6ec8C8Dff7BA683102295E16409'}",51,,,,2024-03-26T17:55:00.000Z,"{'USD': {'price': 0.9993624299143377, 'volume_24h': 7343486097.216693, 'volume_change_24h': -3.8466, 'percent_change_1h': -0.01583185, 'percent_change_24h': 0.06425977, 'percent_change_7d': 0.11993462, 'percent_change_30d': -0.10717173, 'percent_change_60d': -0.00357379, 'percent_change_90d': -0.1907413, 'market_cap': 2625033068.5464287, 'market_cap_dominance': 0.0993, 'fully_diluted_market_cap': 2625033068.55, 'tvl': None, 'last_updated': '2024-03-26T17:55:00.000Z'}}"
328,Monero,XMR,monero,278,2014-05-21T00:00:00.000Z,"['mineable', 'pow', 'medium-of-exchange', 'privacy', 'ringct', 'boostvc-portfolio', 'electric-capital-portfolio', 'galaxy-digital-portfolio']",,18415363.25246637,18415363.25246637,True,,52,,,,2024-03-26T17:56:00.000Z,"{'USD': {'price': 137.60586570266827, 'volume_24h': 71113235.00733808, 'volume_change_24h': 64.4396, 'percent_change_1h': -0.02570879, 'percent_change_24h': -4.00482185, 'percent_change_7d': -0.44190825, 'percent_change_30d': 9.43323156, 'percent_change_60d': -12.96846485, 'percent_change_90d': -20.89208289, 'market_cap': 2534062002.5847397, 'market_cap_dominance': 0.0958, 'fully_diluted_market_cap': 2534062002.58, 'tvl': None, 'last_updated': '2024-03-26T17:56:00.000Z'}}"
3773,Fetch.ai,FET,fetch,287,2019-03-02T00:00:00.000Z,"['cosmos-ecosystem', 'ai-big-data', 'collectibles-nfts', 'iot', 'binance-launchpad', 'web3', 'injective-ecosystem', 'generative-ai', 'dwf-labs-portfolio']",,840059068.9613227,1152997575.0,False,,53,,,,2024-03-26T17:55:00.000Z,"{'USD': {'price': 2.8857518290557636, 'volume_24h': 652508088.9600523, 'volume_change_24h': 80.8174, 'percent_change_1h': 1.58804233, 'percent_change_24h': 7.44881046, 'percent_change_7d': 15.69463973, 'percent_change_30d': 155.98328864, 'percent_change_60d': 369.7434414, 'percent_change_90d': 291.56095545, 'market_cap': 2424201994.7700186, 'market_cap_dominance': 0.0917, 'fully_diluted_market_cap': 3327264860.95, 'tvl': None, 'last_updated': '2024-03-26T17:55:00.000Z'}}"
22861,Celestia,TIA,celestia,176,2023-10-31T16:51:41.000Z,"['platform', 'modular-blockchain', 'egirl-capital-portfolio', 'data-availability', 'cmc-crypto-awards-2024']",,173262705.832077,1032219178.082077,False,"{'id': 12220, 'name': 'Osmosis', 'symbol': 'OSMO', 'slug': 'osmosis', 'token_address': 'ibc/D79E7D83AB399BFFF93433E54FAA480C191248FC556924A2A8351AE2638B3877'}",54,141043527.75,1951543463.4769785,,2024-03-26T17:56:00.000Z,"{'USD': {'price': 13.836462364555247, 'volume_24h': 123306213.34433071, 'volume_change_24h': 4.5087, 'percent_change_1h': 1.14072394, 'percent_change_24h': -3.85300788, 'percent_change_7d': -5.12168005, 'percent_change_30d': -18.56384475, 'percent_change_60d': -16.3668179, 'percent_change_90d': 10.87882211, 'market_cap': 2397342908.4265404, 'market_cap_dominance': 0.0907, 'fully_diluted_market_cap': 14282261809.5, 'tvl': None, 'last_updated': '2024-03-26T17:56:00.000Z'}}"
10804,FLOKI,FLOKI,floki-inu,441,2021-07-09T00:00:00.000Z,"['gaming', 'memes', 'metaverse', 'doggone-doggerel', 'play-to-earn', 'bnb-chain', 'dwf-labs-portfolio', 'paal-ecosystem']",,9557850464622.582,9710066519559.307,False,"{'id': 1027, 'name': 'Ethereum', 'symbol': 'ETH', 'slug': 'ethereum', 'token_address': '0xcf0c122c6b73ff809c693db761e7baebe62b6a2e'}",55,9317621738535.4,2232338244.654149,,2024-03-26T17:56:00.000Z,"{'USD': {'price': 0.0002395824071095036, 'volume_24h': 580651210.0619786, 'volume_change_24h': -22.0858, 'percent_change_1h': 1.83275617, 'percent_change_24h': -6.03235432, 'percent_change_7d': 27.03375856, 'percent_change_30d': 566.24381295, 'percent_change_60d': 723.73016676, 'percent_change_90d': 547.48228037, 'market_cap': 2289892821.1069655, 'market_cap_dominance': 0.0866, 'fully_diluted_market_cap': 2326361109.95, 'tvl': None, 'last_updated': '2024-03-26T17:56:00.000Z'}}"
20947,Sui,SUI,sui,229,2022-07-12T08:03:11.000Z,"['binance-launchpool', 'coinbase-ventures-portfolio', 'binance-labs-portfolio', 'electric-capital-portfolio', 'a16z-portfolio', 'sui-ecosystem', 'layer-1']",10000000000.0,1230916717.7942307,10000000000.0,False,"{'id': 20947, 'name': 'Sui Network', 'symbol': 'SUI', 'slug': 'sui', 'token_address': '0x2::sui::SUI'}",56,,,,2024-03-26T17:56:00.000Z,"{'USD': {'price': 1.8548817180741959, 'volume_24h': 425529917.0615604, 'volume_change_24h': 44.3199, 'percent_change_1h': 4.04166486, 'percent_change_24h': 6.7757976, 'percent_change_7d': 7.63030355, 'percent_change_30d': 13.07466737, 'percent_change_60d': 35.96356387, 'percent_change_90d': 120.55867141, 'market_cap': 2283204916.3084126, 'market_cap_dominance': 0.0864, 'fully_diluted_market_cap': 18548817180.74, 'tvl': None, 'last_updated': '2024-03-26T17:56:00.000Z'}}"
4030,Algorand,ALGO,algorand,408,2019-06-20T00:00:00.000Z,"['pos', 'platform', 'research', 'smart-contracts', 'arrington-xrp-capital-portfolio', 'kenetic-capital-portfolio', 'usv-portfolio', 'multicoin-capital-portfolio', 'exnetwork-capital-portfolio', 'layer-1', 'dwf-labs-portfolio', 'sec-security-token', 'alleged-sec-securities']",10000000000.0,8076969288.676043,8076969288.676043,False,,57,,,,2024-03-26T17:55:00.000Z,"{'USD': {'price': 0.2779938947466356, 'volume_24h': 117667226.13601385, 'volume_change_24h': 50.4544, 'percent_change_1h': 1.27042667, 'percent_change_24h': 3.9743005, 'percent_change_7d': 14.50097296, 'percent_change_30d': 34.98391095, 'percent_change_60d': 65.07521606, 'percent_change_90d': 21.66305193, 'market_cap': 2245348150.308016, 'market_cap_dominance': 0.0849, 'fully_diluted_market_cap': 2779938947.47, 'tvl': None, 'last_updated': '2024-03-26T17:55:00.000Z'}}"
23149,Sei,SEI,sei,166,2023-08-14T07:35:00.000Z,"['coinbase-ventures-portfolio', 'multicoin-capital-portfolio', 'layer-1', 'jump-crypto', 'sei-ecosystem', 'parallel-evm']",,2675000000.0,10000000000.0,False,,58,,,,2024-03-26T17:56:00.000Z,"{'USD': {'price': 0.8322725637054077, 'volume_24h': 193648173.7886413, 'volume_change_24h': 18.1371, 'percent_change_1h': 1.06437417, 'percent_change_24h': -2.21076269, 'percent_change_7d': -3.84994319, 'percent_change_30d': 0.51645725, 'percent_change_60d': 24.53925545, 'percent_change_90d': 82.70842356, 'market_cap': 2226329107.9119654, 'market_cap_dominance': 0.0842, 'fully_diluted_market_cap': 8322725637.05, 'tvl': None, 'last_updated': '2024-03-26T17:56:00.000Z'}}"
4558,Flow,FLOW,flow,182,2021-01-27T00:00:00.000Z,"['platform', 'collectibles-nfts', 'staking', 'coinbase-ventures-portfolio', 'coinfund-portfolio', 'dcg-portfolio', 'ledgerprime-portfolio', 'a16z-portfolio', 'animoca-brands-portfolio', 'layer-1', 'sec-security-token', 'alleged-sec-securities']",,1496257868.0,1496257868.4281273,True,,59,,,,2024-03-26T17:56:00.000Z,"{'USD': {'price': 1.4439846197831407, 'volume_24h': 119386157.77036977, 'volume_change_24h': 25.2342, 'percent_change_1h': 2.50899333, 'percent_change_24h': 4.30941227, 'percent_change_7d': 11.87045072, 'percent_change_30d': 43.20166095, 'percent_change_60d': 90.13339318, 'percent_change_90d': 45.94059639, 'market_cap': 2160573348.621513, 'market_cap_dominance': 0.0817, 'fully_diluted_market_cap': 2160573349.24, 'tvl': None, 'last_updated': '2024-03-26T17:56:00.000Z'}}"
7080,Gala,GALA,gala,401,2020-09-16T00:00:00.000Z,"['collectibles-nfts', 'gaming', 'binance-smart-chain', 'polygon-ecosystem', 'play-to-earn', 'dwf-labs-portfolio']",,30275573589.90348,32304733725.918114,False,"{'id': 1027, 'name': 'Ethereum', 'symbol': 'ETH', 'slug': 'ethereum', 'token_address': '0xd1d2Eb1B1e90B638588728b4130137D262C87cae'}",61,37174369938.73015,2520978131.32234,,2024-03-26T17:55:00.000Z,"{'USD': {'price': 0.06781495249219696, 'volume_24h': 354366391.67486346, 'volume_change_24h': -15.3535, 'percent_change_1h': 0.51093136, 'percent_change_24h': -0.2271823, 'percent_change_7d': 21.71955539, 'percent_change_30d': 123.30228716, 'percent_change_60d': 194.59424631, 'percent_change_90d': 100.94165045, 'market_cap': 2053136584.6733174, 'market_cap_dominance': 0.0777, 'fully_diluted_market_cap': 2190743982.9, 'tvl': None, 'last_updated': '2024-03-26T17:55:00.000Z'}}"
28298,Beam,BEAM,onbeam,107,2021-10-29T04:07:32.000Z,"['gaming', 'ethereum-ecosystem', 'binance-chain', 'binance-launchpool', 'governance', 'play-to-earn', 'token', 'gaming-guild', 'spartan-group', 'dwf-labs-portfolio']",,52647070850.16929,62955102600.0,False,"{'id': 1027, 'name': 'Ethereum', 'symbol': 'ETH', 'slug': 'ethereum', 'token_address': '0x62D0A8458eD7719FDAF978fe5929C6D342B0bFcE'}",60,52647070850.16929,2055532292.8947065,,2024-03-26T17:55:00.000Z,"{'USD': {'price': 0.03904362122528412, 'volume_24h': 70628940.2994682, 'volume_change_24h': 86.246, 'percent_change_1h': 3.07614247, 'percent_change_24h': 9.17641163, 'percent_change_7d': 20.13885221, 'percent_change_30d': 22.36282427, 'percent_change_60d': 121.54803064, 'percent_change_90d': 108.79095622, 'market_cap': 2055532292.8947065, 'market_cap_dominance': 0.0778, 'fully_diluted_market_cap': 2457995180.11, 'tvl': None, 'last_updated': '2024-03-26T17:55:00.000Z'}}"
7334,Conflux,CFX,conflux-network,153,2020-11-11T00:00:00.000Z,"['mineable', 'pow', 'platform', 'collectibles-nfts', 'defi', 'payments', 'research', 'smart-contracts', 'staking', 'hybrid-pow-dpos', 'huobi-capital-portfolio', 'web3', 'injective-ecosystem', 'bnb-chain', 'dwf-labs-portfolio']",,3846269518.63,4983769531.86,True,,62,3846283080.54,1899462008.3104546,,2024-03-26T17:55:00.000Z,"{'USD': {'price': 0.49384352855374836, 'volume_24h': 183214771.72661853, 'volume_change_24h': -30.8183, 'percent_change_1h': 1.2952269, 'percent_change_24h': -4.77622962, 'percent_change_7d': 33.17309644, 'percent_change_30d': 100.2208092, 'percent_change_60d': 127.6206277, 'percent_change_90d': 156.77106316, 'market_cap': 1899455310.8489664, 'market_cap_dominance': 0.0719, 'fully_diluted_market_cap': 2461202331.11, 'tvl': None, 'last_updated': '2024-03-26T17:55:00.000Z'}}"
7278,Aave,AAVE,aave,848,2020-10-02T00:00:00.000Z,"['defi', 'dao', 'yield-farming', 'three-arrows-capital-portfolio', 'governance', 'lending-borowing', 'blockchain-capital-portfolio', 'defiance-capital-portfolio', 'framework-ventures-portfolio', 'alameda-research-portfolio', 'pantera-capital-portfolio', 'parafi-capital', 'polygon-ecosystem', 'fantom-ecosystem', 'optimism-ecosystem', 'standard-crypto-portfolio']",16000000.0,14766957.03418299,16000000.0,False,"{'id': 1027, 'name': 'Ethereum', 'symbol': 'ETH', 'slug': 'ethereum', 'token_address': '0x7Fc66500c84A76Ad7e9c93437bFc5Ac33E2DDaE9'}",63,,,0.16420722,2024-03-26T17:55:00.000Z,"{'USD': {'price': 128.41406798357596, 'volume_24h': 122706245.4191466, 'volume_change_24h': 2.3716, 'percent_change_1h': 0.96839901, 'percent_change_24h': -0.37280676, 'percent_change_7d': 11.14748521, 'percent_change_30d': 29.33096437, 'percent_change_60d': 40.62901347, 'percent_change_90d': 17.06269655, 'market_cap': 1896285024.4981198, 'market_cap_dominance': 0.0717, 'fully_diluted_market_cap': 2054625087.74, 'tvl': 11548122042.88001, 'last_updated': '2024-03-26T17:55:00.000Z'}}"
29210,Jupiter,JUP,jupiter-ag,232,2024-01-31T08:38:13.000Z,"['decentralized-exchange-dex-token', 'defi', 'derivatives', 'amm', 'solana-ecosystem', 'cross-chain']",10000000000.0,1350000000.0,10000000000.0,False,"{'id': 5426, 'name': 'Solana', 'symbol': 'SOL', 'slug': 'solana', 'token_address': 'JUPyiwrYJFskUPiHa7hkeR8VUtAeFoSYbKedZNsDvCN'}",64,1500000000.0,1989728304.0659914,,2024-03-26T17:56:00.000Z,"{'USD': {'price': 1.3264855360439942, 'volume_24h': 327024485.16631526, 'volume_change_24h': -8.5165, 'percent_change_1h': 1.30530878, 'percent_change_24h': -1.24022434, 'percent_change_7d': 6.69879861, 'percent_change_30d': 167.47487696, 'percent_change_60d': -17.04897314, 'percent_change_90d': -17.04897314, 'market_cap': 1790755473.659392, 'market_cap_dominance': 0.0677, 'fully_diluted_market_cap': 13264855360.44, 'tvl': None, 'last_updated': '2024-03-26T17:56:00.000Z'}}"
3602,Bitcoin SV,BSV,bitcoin-sv,236,2018-11-09T00:00:00.000Z,"['mineable', 'pow', 'sha-256', 'medium-of-exchange', 'store-of-value', 'state-channel', 'bitcoin-ecosystem']",,19671225.0,19671225.0,False,,65,,,,2024-03-26T17:55:00.000Z,"{'USD': {'price': 88.87843107264393, 'volume_24h': 76307385.83022675, 'volume_change_24h': 3.9496, 'percent_change_1h': -0.77557233, 'percent_change_24h': -1.70524989, 'percent_change_7d': 17.57278913, 'percent_change_30d': 18.18350168, 'percent_change_60d': 25.98718769, 'percent_change_90d': 30.21630937, 'market_cap': 1748347615.2769701, 'market_cap_dominance': 0.0662, 'fully_diluted_market_cap': 1748347615.28, 'tvl': None, 'last_updated': '2024-03-26T17:55:00.000Z'}}"
3155,Quant,QNT,quant,240,2018-08-10T00:00:00.000Z,"['platform', 'interoperability']",14881364.0,12072738.0,14881364.0,False,"{'id': 1027, 'name': 'Ethereum', 'symbol': 'ETH', 'slug': 'ethereum', 'token_address': '0x4a220e6096b25eadb88358cb44068a3248254675'}",66,,,,2024-03-26T17:55:00.000Z,"{'USD': {'price': 141.27550867042677, 'volume_24h': 53685096.91324688, 'volume_change_24h': -42.2572, 'percent_change_1h': 1.70185969, 'percent_change_24h': -1.50389586, 'percent_change_7d': 20.08631989, 'percent_change_30d': 34.744141, 'percent_change_60d': 28.85153539, 'percent_change_90d': -0.49675988, 'market_cap': 1705582201.9947908, 'market_cap_dominance': 0.0645, 'fully_diluted_market_cap': 2102372268.81, 'tvl': None, 'last_updated': '2024-03-26T17:55:00.000Z'}}"
23095,Bonk,BONK,bonk1,288,2022-12-30T06:58:50.000Z,"['memes', 'solana-ecosystem', 'doggone-doggerel', 'dwf-labs-portfolio', 'cmc-crypto-awards-2024']",93526170019114.78,65191332386576.0,93526170019114.78,False,"{'id': 5426, 'name': 'Solana', 'symbol': 'SOL', 'slug': 'solana', 'token_address': 'DezXAZ8z7PnrnRJjz3wXBoRgixCa6xjnB7YaB1pPB263'}",67,64971296213932.7,1695728603.3740156,,2024-03-26T17:56:00.000Z,"{'USD': {'price': 2.609965788262012e-05, 'volume_24h': 298250341.56656086, 'volume_change_24h': 28.3572, 'percent_change_1h': 3.47872738, 'percent_change_24h': 1.03944119, 'percent_change_7d': 17.08758681, 'percent_change_30d': 125.50727288, 'percent_change_60d': 115.40718663, 'percent_change_90d': 77.52028213, 'market_cap': 1701471472.2018068, 'market_cap_dominance': 0.0644, 'fully_diluted_market_cap': 2441001040.57, 'tvl': None, 'last_updated': '2024-03-26T17:56:00.000Z'}}"
28324,dYdX (Native),DYDX,dydx-chain,138,2021-08-03T00:00:00.000Z,['decentralized-exchange-dex-token'],1000000000.0,464677529.17,711376352.73,False,"{'id': 12220, 'name': 'Osmosis', 'symbol': 'OSMO', 'slug': 'osmosis', 'token_address': 'ibc/831F0B1BBB1D08A2B75311892876D71565478C532967545476DF4C2D7492E48C'}",68,464677529.17,1691809759.6354206,,2024-03-26T17:55:00.000Z,"{'USD': {'price': 3.6408254185592006, 'volume_24h': 11834564.65619481, 'volume_change_24h': 20.2885, 'percent_change_1h': 0.76214404, 'percent_change_24h': 3.50800661, 'percent_change_7d': 11.97868731, 'percent_change_30d': 6.07555116, 'percent_change_60d': 36.22895291, 'percent_change_90d': 6.38979524, 'market_cap': 1691809759.6354206, 'market_cap_dominance': 0.064, 'fully_diluted_market_cap': 3640825418.56, 'tvl': None, 'last_updated': '2024-03-26T17:55:00.000Z'}}"
6892,MultiversX,EGLD,multiversx-egld,232,2020-09-04T00:00:00.000Z,"['pos', 'enterprise-solutions', 'distributed-computing', 'loyalty', 'defi', 'gaming', 'identity', 'payments', 'scaling', 'smart-contracts', 'software', 'binance-launchpad', 'binance-labs-portfolio', 'metaverse', 'electric-capital-portfolio', 'exnetwork-capital-portfolio', 'mobile-payment', 'web3', 'elrond-ecosystem', 'injective-ecosystem', 'bnb-chain', 'layer-1', 'dwf-labs-portfolio', 'multiversx-ecosystem', 'depin']",31415926.0,26737296.0,26742448.0,False,,69,26741290.0,1673924090.9755282,,2024-03-26T17:56:00.000Z,"{'USD': {'price': 62.59698357766317, 'volume_24h': 49904652.73844882, 'volume_change_24h': 49.3657, 'percent_change_1h': 0.48612416, 'percent_change_24h': -1.81993586, 'percent_change_7d': 8.22542103, 'percent_change_30d': 9.58193168, 'percent_change_60d': 20.80483138, 'percent_change_90d': -12.24468546, 'market_cap': 1673674078.623119, 'market_cap_dominance': 0.0633, 'fully_diluted_market_cap': 1966542203.9, 'tvl': None, 'last_updated': '2024-03-26T17:56:00.000Z'}}"
22691,Starknet,STRK,starknet-token,115,2024-02-20T12:19:19.000Z,"['zero-knowledge-proofs', 'dapp', 'ethereum-ecosystem', 'layer-2', 'rollups']",10000000000.0,728000000.0,10000000000.0,False,"{'id': 1027, 'name': 'Ethereum', 'symbol': 'ETH', 'slug': 'ethereum', 'token_address': '0xCa14007Eff0dB1f8135f4C25B34De49AB0d42766'}",70,728000000.0,1640345442.4009383,,2024-03-26T17:56:00.000Z,"{'USD': {'price': 2.2532217615397503, 'volume_24h': 214680722.5195276, 'volume_change_24h': 7.6976, 'percent_change_1h': 1.15817011, 'percent_change_24h': -2.56458511, 'percent_change_7d': 11.78862299, 'percent_change_30d': 17.13541491, 'percent_change_60d': -4.02896979, 'percent_change_90d': -4.02896979, 'market_cap': 1640345442.4009383, 'market_cap_dominance': 0.062, 'fully_diluted_market_cap': 22532217615.4, 'tvl': None, 'last_updated': '2024-03-26T17:56:00.000Z'}}"
2586,Synthetix,SNX,synthetix,588,2018-03-14T00:00:00.000Z,"['services', 'decentralized-exchange-dex-token', 'defi', 'derivatives', 'dao', 'yield-farming', 'coinbase-ventures-portfolio', 'three-arrows-capital-portfolio', 'governance', 'synthetics', 'defiance-capital-portfolio', 'framework-ventures-portfolio', 'alameda-research-portfolio', 'parafi-capital', 'paradigm-portfolio', 'fantom-ecosystem', 'spartan-group', 'bnb-chain', 'optimism-ecosystem', 'real-world-assets', 'dwf-labs-portfolio', 'celsius-bankruptcy-estate']",,327769196.1395232,328193104.0887736,False,"{'id': 1027, 'name': 'Ethereum', 'symbol': 'ETH', 'slug': 'ethereum', 'token_address': '0xc011a73ee8576fb46f5e1c5751ca3b9fe0af2a6f'}",71,,,,2024-03-26T17:56:00.000Z,"{'USD': {'price': 4.9859262146443974, 'volume_24h': 96328982.83403586, 'volume_change_24h': -2.4581, 'percent_change_1h': 1.74255533, 'percent_change_24h': -2.74015481, 'percent_change_7d': 32.89712926, 'percent_change_30d': 26.68460191, 'percent_change_60d': 53.72641774, 'percent_change_90d': 17.51830604, 'market_cap': 1634233027.38497, 'market_cap_dominance': 0.0618, 'fully_diluted_market_cap': 1636346601.14, 'tvl': None, 'last_updated': '2024-03-26T17:56:00.000Z'}}"
6783,Axie Infinity,AXS,axie-infinity,433,2020-08-31T00:00:00.000Z,"['collectibles-nfts', 'gaming', 'binance-launchpad', 'metaverse', 'defiance-capital-portfolio', 'play-to-earn', 'animoca-brands-portfolio', 'sec-security-token', 'alleged-sec-securities']",270000000.0,142287516.09086028,270000000.0,False,"{'id': 1027, 'name': 'Ethereum', 'symbol': 'ETH', 'slug': 'ethereum', 'token_address': '0xbb0e17ef65f82ab018d8edd776e8dd940327b28b'}",72,142288206.53005257,1603862997.698136,,2024-03-26T17:56:00.000Z,"{'USD': {'price': 11.271932065285998, 'volume_24h': 83797557.31360653, 'volume_change_24h': 10.4383, 'percent_change_1h': 0.67151995, 'percent_change_24h': 3.1549111, 'percent_change_7d': 16.15437448, 'percent_change_30d': 39.39593873, 'percent_change_60d': 52.99423236, 'percent_change_90d': 16.92448863, 'market_cap': 1603855215.1144655, 'market_cap_dominance': 0.0607, 'fully_diluted_market_cap': 3043421657.63, 'tvl': None, 'last_updated': '2024-03-26T17:56:00.000Z'}}"
6210,The Sandbox,SAND,the-sandbox,536,2020-08-05T00:00:00.000Z,"['collectibles-nfts', 'content-creation', 'gaming', 'ethereum-ecosystem', 'binance-launchpad', 'metaverse', 'play-to-earn', 'animoca-brands-portfolio', 'sec-security-token', 'alleged-sec-securities']",3000000000.0,2251731926.2233224,3000000000.0,False,"{'id': 1027, 'name': 'Ethereum', 'symbol': 'ETH', 'slug': 'ethereum', 'token_address': '0x3845badAde8e6dFF049820680d1F14bD3903a5d0'}",73,,,,2024-03-26T17:56:00.000Z,"{'USD': {'price': 0.706169020912722, 'volume_24h': 207798755.7684533, 'volume_change_24h': 20.7504, 'percent_change_1h': 1.41714904, 'percent_change_24h': 1.12781192, 'percent_change_7d': 18.28428677, 'percent_change_30d': 37.00390352, 'percent_change_60d': 55.65236895, 'percent_change_90d': 15.72273326, 'market_cap': 1590103329.6990411, 'market_cap_dominance': 0.0601, 'fully_diluted_market_cap': 2118507062.74, 'tvl': None, 'last_updated': '2024-03-26T17:56:00.000Z'}}"
2424,SingularityNET,AGIX,singularitynet,228,2018-01-18T00:00:00.000Z,"['marketplace', 'ai-big-data', 'payments', 'cross-chain-dex-aggregator', 'cardano-ecosystem', 'generative-ai']",2000000000.0,1279381312.6426194,1392686826.9835198,False,"{'id': 1027, 'name': 'Ethereum', 'symbol': 'ETH', 'slug': 'ethereum', 'token_address': '0x5B7533812759B45C2B44C19e320ba2cD2681b542'}",74,1000000000.0,1193044928.2336621,,2024-03-26T17:56:00.000Z,"{'USD': {'price': 1.1930449282336621, 'volume_24h': 244850748.01537126, 'volume_change_24h': 7.2128, 'percent_change_1h': 2.14944842, 'percent_change_24h': 0.80057219, 'percent_change_7d': 16.54593406, 'percent_change_30d': 54.72672568, 'percent_change_60d': 350.95678945, 'percent_change_90d': 247.7238511, 'market_cap': 1526359386.3252022, 'market_cap_dominance': 0.0578, 'fully_diluted_market_cap': 2386089856.47, 'tvl': None, 'last_updated': '2024-03-26T17:56:00.000Z'}}"
16086,BitTorrent (New),BTT,bittorrent-new,150,2019-01-31T00:00:00.000Z,"['platform', 'distributed-computing', 'filesharing', 'interoperability', 'staking', 'tron-ecosystem', 'storage', 'binance-launchpad', 'binance-labs-portfolio', 'web3', 'bnb-chain', 'sec-security-token', 'alleged-sec-securities', 'depin']",,968246428571000.0,990000000000000.0,False,"{'id': 1958, 'name': 'Tron20', 'symbol': 'TRX', 'slug': 'tron', 'token_address': 'TAFjULxiVgT4qWk6UZwjqwZXTSaGaqnVp4'}",75,,,,2024-03-26T17:55:00.000Z,"{'USD': {'price': 1.5588446075518476e-06, 'volume_24h': 66384316.71560656, 'volume_change_24h': 1.1105, 'percent_change_1h': 0.33798079, 'percent_change_24h': -1.37293354, 'percent_change_7d': 20.23667674, 'percent_change_30d': 44.96206208, 'percent_change_60d': 81.74387495, 'percent_change_90d': 32.65911892, 'market_cap': 1509345723.9592385, 'market_cap_dominance': 0.0571, 'fully_diluted_market_cap': 1543256161.48, 'tvl': None, 'last_updated': '2024-03-26T17:55:00.000Z'}}"
28177,Pyth Network,PYTH,pyth-network,176,2023-11-20T09:42:13.000Z,"['oracles', 'solana-ecosystem']",,1499989210.629896,9999989210.629896,False,"{'id': 5426, 'name': 'Solana', 'symbol': 'SOL', 'slug': 'solana', 'token_address': 'HZ1JovNiVvGrGNiiYvEozEVgZ58xaU3RKwX8eACQBCt3'}",76,1500000000.0,1413231584.3449328,,2024-03-26T17:55:00.000Z,"{'USD': {'price': 0.9421543895632886, 'volume_24h': 94228859.43943603, 'volume_change_24h': -9.4694, 'percent_change_1h': 1.39844083, 'percent_change_24h': -3.07387051, 'percent_change_7d': -1.42397833, 'percent_change_30d': 66.6620728, 'percent_change_60d': 133.23777148, 'percent_change_90d': 180.56989685, 'market_cap': 1413221419.0925286, 'market_cap_dominance': 0.0535, 'fully_diluted_market_cap': 9421533730.38, 'tvl': None, 'last_updated': '2024-03-26T17:55:00.000Z'}}"
13502,Worldcoin,WLD,worldcoin-org,265,2021-10-28T15:31:43.000Z,"['privacy', 'zero-knowledge-proofs', 'identity', 'ethereum-ecosystem', 'governance', 'blockchain-capital-portfolio', 'a16z-portfolio', 'token', 'optimism-ecosystem']",10000000000.0,159331326.6281414,10000000000.0,False,"{'id': 1027, 'name': 'Ethereum', 'symbol': 'ETH', 'slug': 'ethereum', 'token_address': '0x163f8c2467924be0ae7b5347228cabf260318753'}",77,159395531.6281414,1392312767.5984943,,2024-03-26T17:55:00.000Z,"{'USD': {'price': 8.734954821987497, 'volume_24h': 427381928.89141244, 'volume_change_24h': 24.77, 'percent_change_1h': 0.7949889, 'percent_change_24h': -0.8239709, 'percent_change_7d': 8.2874741, 'percent_change_30d': -1.87184131, 'percent_change_60d': 269.12541993, 'percent_change_90d': 138.89428997, 'market_cap': 1391751939.8241487, 'market_cap_dominance': 0.0527, 'fully_diluted_market_cap': 87349548219.87, 'tvl': None, 'last_updated': '2024-03-26T17:55:00.000Z'}}"
25028,ORDI,ORDI,ordi,148,2023-05-08T05:51:24.000Z,"['bitcoin-ecosystem', 'brc-20', 'inscriptions']",21000000.0,21000000.0,21000000.0,False,"{'id': 1, 'name': 'Ordinals - BRC20', 'symbol': 'BTC', 'slug': 'bitcoin', 'token_address': 'b61b0172d95e266c18aea0c624db987e971a5d6d4ebc2aaed85da4642d635735i0'}",78,21000000.0,1381015512.9369168,,2024-03-26T17:56:00.000Z,"{'USD': {'price': 65.76264347318651, 'volume_24h': 234437047.7256379, 'volume_change_24h': 5.8241, 'percent_change_1h': 0.65584368, 'percent_change_24h': -4.11378696, 'percent_change_7d': 6.36897951, 'percent_change_30d': 0.58111002, 'percent_change_60d': 15.18856608, 'percent_change_90d': -6.3280137, 'market_cap': 1381015512.9369168, 'market_cap_dominance': 0.0522, 'fully_diluted_market_cap': 1381015512.94, 'tvl': None, 'last_updated': '2024-03-26T17:56:00.000Z'}}"
8646,Mina,MINA,mina,139,2021-03-02T00:00:00.000Z,"['pos', 'zero-knowledge-proofs', 'staking', 'coinbase-ventures-portfolio', 'three-arrows-capital-portfolio', 'polychain-capital-portfolio']",,1074984925.8400393,1140063292.8400393,True,,79,,,,2024-03-26T17:56:00.000Z,"{'USD': {'price': 1.2779155109762004, 'volume_24h': 65062071.66240587, 'volume_change_24h': 31.1171, 'percent_change_1h': 1.35633199, 'percent_change_24h': -0.74499834, 'percent_change_7d': 4.98637408, 'percent_change_30d': -0.90552133, 'percent_change_60d': 18.88365171, 'percent_change_90d': -6.5512841, 'market_cap': 1373739910.7965865, 'market_cap_dominance': 0.052, 'fully_diluted_market_cap': 1456904565.41, 'tvl': None, 'last_updated': '2024-03-26T17:56:00.000Z'}}"
7950,Flare,FLR,flare,66,2020-12-11T00:00:00.000Z,['dwf-labs-portfolio'],,36782300139.37251,100559787198.0,False,,80,36782300139.37251,1335924200.6781347,,2024-03-26T17:55:00.000Z,"{'USD': {'price': 0.03631975693787933, 'volume_24h': 17372977.04119719, 'volume_change_24h': -35.0089, 'percent_change_1h': -1.12178324, 'percent_change_24h': -5.03368158, 'percent_change_7d': 12.76824911, 'percent_change_30d': -12.93798746, 'percent_change_60d': 69.83834603, 'percent_change_90d': 111.53967959, 'market_cap': 1335924200.6781347, 'market_cap_dominance': 0.0505, 'fully_diluted_market_cap': 3652307028.76, 'tvl': None, 'last_updated': '2024-03-26T17:55:00.000Z'}}"
11092,Bitget Token,BGB,bitget-token-new,16,2021-07-29T00:00:00.000Z,['centralized-exchange'],2000000000.0,1400000000.0,2000000000.0,False,"{'id': 1027, 'name': 'Ethereum', 'symbol': 'ETH', 'slug': 'ethereum', 'token_address': '0x19de6b897ed14a376dda0fe53a5420d2ac828a28'}",81,1400000000.0,1333291628.6905487,,2024-03-26T17:55:00.000Z,"{'USD': {'price': 0.9523511633503919, 'volume_24h': 46844909.8843957, 'volume_change_24h': 89.5442, 'percent_change_1h': 0.41673826, 'percent_change_24h': -0.05498791, 'percent_change_7d': 7.62873025, 'percent_change_30d': -4.26724839, 'percent_change_60d': 61.71492572, 'percent_change_90d': 65.19827413, 'market_cap': 1333291628.6905487, 'market_cap_dominance': 0.0504, 'fully_diluted_market_cap': 1904702326.7, 'tvl': None, 'last_updated': '2024-03-26T17:55:00.000Z'}}"
2011,Tezos,XTZ,tezos,367,2017-10-06T00:00:00.000Z,"['pos', 'platform', 'enterprise-solutions', 'collectibles-nfts', 'defi', 'smart-contracts', 'polychain-capital-portfolio', 'boostvc-portfolio', 'winklevoss-capital-portfolio', 'layer-1']",,975768946.538929,996413450.417184,True,,82,,,,2024-03-26T17:55:00.000Z,"{'USD': {'price': 1.3524050565920083, 'volume_24h': 38913377.82388365, 'volume_change_24h': 7.7179, 'percent_change_1h': 1.26252483, 'percent_change_24h': 0.84167524, 'percent_change_7d': 11.5775747, 'percent_change_30d': 21.50589326, 'percent_change_60d': 40.01872342, 'percent_change_90d': 21.47122638, 'market_cap': 1319634857.3647046, 'market_cap_dominance': 0.0499, 'fully_diluted_market_cap': 1347554588.8, 'tvl': None, 'last_updated': '2024-03-26T17:55:00.000Z'}}"
10791,eCash,XEC,ecash,93,2021-07-08T00:00:00.000Z,['layer-1'],21000000000000.0,19672579673092.0,19672579673092.0,False,,83,19672642173092.0,1306821058.3458712,,2024-03-26T17:56:00.000Z,"{'USD': {'price': 6.642834484802073e-05, 'volume_24h': 173632261.2828135, 'volume_change_24h': -34.0659, 'percent_change_1h': 0.75030046, 'percent_change_24h': -3.59419701, 'percent_change_7d': 35.58331271, 'percent_change_30d': 99.23709727, 'percent_change_60d': 113.65063777, 'percent_change_90d': 90.23122739, 'market_cap': 1306816906.5743182, 'market_cap_dominance': 0.0494, 'fully_diluted_market_cap': 1394995241.81, 'tvl': None, 'last_updated': '2024-03-26T17:56:00.000Z'}}"
4066,Chiliz,CHZ,chiliz,445,2019-07-01T00:00:00.000Z,"['sports', 'collectibles-nfts', 'content-creation', 'payments', 'layer-1', 'sec-security-token', 'alleged-sec-securities']",8888888888.0,8888290306.524961,8888888888.0,False,"{'id': 1027, 'name': 'Ethereum', 'symbol': 'ETH', 'slug': 'ethereum', 'token_address': '0x3506424f91fd33084466f402d5d97f05f8e3b4af'}",84,,,,2024-03-26T17:55:00.000Z,"{'USD': {'price': 0.14671202025138644, 'volume_24h': 77963422.55776042, 'volume_change_24h': 23.3477, 'percent_change_1h': 1.11135701, 'percent_change_24h': 0.53843154, 'percent_change_7d': 15.34696173, 'percent_change_30d': 16.20575485, 'percent_change_60d': 32.44753641, 'percent_change_90d': 58.10683291, 'market_cap': 1304019027.451092, 'market_cap_dominance': 0.0493, 'fully_diluted_market_cap': 1304106846.55, 'tvl': None, 'last_updated': '2024-03-26T17:55:00.000Z'}}"
1966,Decentraland,MANA,decentraland,484,2017-09-17T00:00:00.000Z,"['platform', 'collectibles-nfts', 'gaming', 'payments', 'metaverse', 'boostvc-portfolio', 'dcg-portfolio', 'fabric-ventures-portfolio', 'kenetic-capital-portfolio', 'polygon-ecosystem', 'play-to-earn', 'sec-security-token', 'alleged-sec-securities']",,1908319865.391588,2193179327.320146,False,"{'id': 1027, 'name': 'Ethereum', 'symbol': 'ETH', 'slug': 'ethereum', 'token_address': '0x0f5d2fb29fb7d3cfee444a200298f468908cc942'}",85,,,,2024-03-26T17:55:00.000Z,"{'USD': {'price': 0.6738704803282519, 'volume_24h': 125185952.78056611, 'volume_change_24h': 12.8968, 'percent_change_1h': 0.82277195, 'percent_change_24h': 0.42763082, 'percent_change_7d': 12.82061333, 'percent_change_30d': 33.58281645, 'percent_change_60d': 49.7353049, 'percent_change_90d': 21.04177172, 'market_cap': 1285960424.3113744, 'market_cap_dominance': 0.0487, 'fully_diluted_market_cap': 1477918806.75, 'tvl': None, 'last_updated': '2024-03-26T17:55:00.000Z'}}"
14101,Ronin,RON,ronin,58,2021-11-08T17:57:40.000Z,"['platform', 'gaming', 'staking', 'layer-1']",,304956938.2723952,1000000000.0,False,,86,304962558.3532917,1274376656.629516,,2024-03-26T17:55:00.000Z,"{'USD': {'price': 4.178797107129399, 'volume_24h': 60470887.5435712, 'volume_change_24h': 39.2992, 'percent_change_1h': 1.02067814, 'percent_change_24h': -1.32000026, 'percent_change_7d': 21.3254445, 'percent_change_30d': 40.88204374, 'percent_change_60d': 80.60407551, 'percent_change_90d': 102.8216707, 'market_cap': 1274353171.4517238, 'market_cap_dominance': 0.0482, 'fully_diluted_market_cap': 4178797107.13, 'tvl': None, 'last_updated': '2024-03-26T17:55:00.000Z'}}"
7431,Akash Network,AKT,akash-network,72,2020-10-16T00:00:00.000Z,"['cosmos-ecosystem', 'ai-big-data', 'distributed-computing', 'web3', 'injective-ecosystem', 'generative-ai', 'depin']",388539008.0,231608605.440232,231608605.440232,False,,87,,,,2024-03-26T17:55:00.000Z,"{'USD': {'price': 5.366486322761591, 'volume_24h': 13864554.11223373, 'volume_change_24h': 46.4404, 'percent_change_1h': 0.79006979, 'percent_change_24h': -7.95419712, 'percent_change_7d': -7.99993698, 'percent_change_30d': 32.68921294, 'percent_change_60d': 80.00346418, 'percent_change_90d': 118.07164739, 'market_cap': 1242924413.3288908, 'market_cap_dominance': 0.047, 'fully_diluted_market_cap': 2085089272.29, 'tvl': None, 'last_updated': '2024-03-26T17:55:00.000Z'}}"
21159,Ondo,ONDO,ondo-finance,85,2024-01-18T12:06:25.000Z,"['ethereum-ecosystem', 'real-world-assets']",,1389759838.4783604,10000000000.0,False,"{'id': 1027, 'name': 'Ethereum', 'symbol': 'ETH', 'slug': 'ethereum', 'token_address': '0xfAbA6f8e4a5E8Ab82F62fe7C39859FA577269BE3'}",89,1426647567.0,1269023560.7908976,,2024-03-26T17:56:00.000Z,"{'USD': {'price': 0.8895144043594739, 'volume_24h': 401826799.56324, 'volume_change_24h': -15.8879, 'percent_change_1h': 3.17298048, 'percent_change_24h': -2.74636024, 'percent_change_7d': 105.31030111, 'percent_change_30d': 104.05884916, 'percent_change_60d': 281.15405746, 'percent_change_90d': 450.13664346, 'market_cap': 1236211394.9267974, 'market_cap_dominance': 0.0468, 'fully_diluted_market_cap': 8895144043.59, 'tvl': None, 'last_updated': '2024-03-26T17:56:00.000Z'}}"
18876,ApeCoin,APE,apecoin-ape,386,2022-03-17T12:26:36.000Z,"['collectibles-nfts', 'content-creation', 'gaming', 'entertainment', 'dao', 'governance', 'metaverse', 'animoca-brands-portfolio']",1000000000.0,604895833.0,1000000000.0,False,"{'id': 1027, 'name': 'Ethereum', 'symbol': 'ETH', 'slug': 'ethereum', 'token_address': '0x4d224452801aced8b2f0aebe155379bb5d594381'}",88,604895833.0,1240864461.1923943,,2024-03-26T17:56:00.000Z,"{'USD': {'price': 2.0513688365785026, 'volume_24h': 71042908.30091438, 'volume_change_24h': -3.2279, 'percent_change_1h': 1.17873031, 'percent_change_24h': -0.37963937, 'percent_change_7d': 8.82008859, 'percent_change_30d': 12.06113337, 'percent_change_60d': 47.91214456, 'percent_change_90d': 17.09467985, 'market_cap': 1240864461.1923943, 'market_cap_dominance': 0.0469, 'fully_diluted_market_cap': 2051368836.58, 'tvl': None, 'last_updated': '2024-03-26T17:56:00.000Z'}}"
1765,EOS,EOS,eos,652,2017-07-01T00:00:00.000Z,"['medium-of-exchange', 'enterprise-solutions', 'smart-contracts', 'eos', 'fenbushi-capital-portfolio', 'galaxy-digital-portfolio', 'dwf-labs-portfolio']",,1121156907.5074,1121156907.5074,True,,90,1121162461.2384,1206535668.2390862,,2024-03-26T17:55:00.000Z,"{'USD': {'price': 1.076147043762405, 'volume_24h': 161762693.7078552, 'volume_change_24h': 12.415, 'percent_change_1h': 0.76237469, 'percent_change_24h': 0.3341416, 'percent_change_7d': 14.08808876, 'percent_change_30d': 35.3866477, 'percent_change_60d': 52.82591888, 'percent_change_90d': 20.32565427, 'market_cap': 1206529691.6078887, 'market_cap_dominance': 0.0457, 'fully_diluted_market_cap': 1206529691.61, 'tvl': None, 'last_updated': '2024-03-26T17:55:00.000Z'}}"
2087,KuCoin Token,KCS,kucoin-token,46,2017-10-24T00:00:00.000Z,"['marketplace', 'centralized-exchange', 'discount-token', 'algorand-ecosystem']",170118638.0,96287258.28879075,143787258.28870675,False,"{'id': 1027, 'name': 'Ethereum', 'symbol': 'ETH', 'slug': 'ethereum', 'token_address': '0xf34960d9d60be18cc1d5afc1a6f012a723a28811'}",91,,,,2024-03-26T17:56:00.000Z,"{'USD': {'price': 12.439140329027882, 'volume_24h': 9291499.71788743, 'volume_change_24h': 259.5296, 'percent_change_1h': -2.10231475, 'percent_change_24h': -14.329141, 'percent_change_7d': -3.10802595, 'percent_change_30d': 16.94455092, 'percent_change_60d': 24.07851799, 'percent_change_90d': 14.26606829, 'market_cap': 1197730717.7516212, 'market_cap_dominance': 0.0453, 'fully_diluted_market_cap': 2116129610.67, 'tvl': None, 'last_updated': '2024-03-26T17:56:00.000Z'}}"
17799,Axelar,AXL,axelar,129,2022-02-02T02:48:14.000Z,"['interoperability', 'ethereum-ecosystem', 'coinbase-ventures-portfolio', 'polychain-capital-portfolio', 'binance-labs-portfolio', 'galaxy-digital-portfolio', 'base-ecosystem', 'sei-ecosystem']",,609569734.3903409,1141755647.00571,False,"{'id': 1027, 'name': 'Ethereum', 'symbol': 'ETH', 'slug': 'ethereum', 'token_address': '0x467719aD09025FcC6cF6F8311755809d45a5E5f3'}",92,,,,2024-03-26T17:55:00.000Z,"{'USD': {'price': 1.9610841745805463, 'volume_24h': 37093559.99293225, 'volume_change_24h': 2.8831, 'percent_change_1h': 1.34279796, 'percent_change_24h': -2.26487463, 'percent_change_7d': 13.35108204, 'percent_change_30d': 34.02159064, 'percent_change_60d': 111.62442476, 'percent_change_90d': 66.29720475, 'market_cap': 1195417559.4161646, 'market_cap_dominance': 0.0452, 'fully_diluted_market_cap': 2239078930.58, 'tvl': None, 'last_updated': '2024-03-26T17:55:00.000Z'}}"
1376,Neo,NEO,neo,323,2016-09-08T00:00:00.000Z,"['platform', 'enterprise-solutions', 'smart-contracts']",100000000.0,70538831.0,100000000.0,False,,93,,,,2024-03-26T17:55:00.000Z,"{'USD': {'price': 16.174574284416753, 'volume_24h': 48870766.57583727, 'volume_change_24h': 26.4061, 'percent_change_1h': 1.24415332, 'percent_change_24h': 1.55984124, 'percent_change_7d': 15.36106702, 'percent_change_30d': 26.36563907, 'percent_change_60d': 48.10278432, 'percent_change_90d': 14.18439258, 'market_cap': 1140935561.9454193, 'market_cap_dominance': 0.0432, 'fully_diluted_market_cap': 1617457428.44, 'tvl': None, 'last_updated': '2024-03-26T17:55:00.000Z'}}"
1720,IOTA,IOTA,iota,138,2017-06-13T00:00:00.000Z,"['dag', 'medium-of-exchange', 'iot', 'sharing-economy', 'dwf-labs-portfolio']",,3191229882.0,3191229882.0,False,,94,,,,2024-03-26T17:55:00.000Z,"{'USD': {'price': 0.35632085771958694, 'volume_24h': 85452896.35641631, 'volume_change_24h': 202.5531, 'percent_change_1h': 1.38132826, 'percent_change_24h': 4.43845336, 'percent_change_7d': 19.30909617, 'percent_change_30d': 29.85569839, 'percent_change_60d': 45.50855258, 'percent_change_90d': 20.03910142, 'market_cap': 1137101768.7346163, 'market_cap_dominance': 0.043, 'fully_diluted_market_cap': 1137101768.73, 'tvl': None, 'last_updated': '2024-03-26T17:55:00.000Z'}}"
8425,JasmyCoin,JASMY,jasmy,200,2021-02-11T00:00:00.000Z,"['iot', 'ethereum-ecosystem', 'dwf-labs-portfolio']",50000000000.0,49299999677.16958,50000000000.0,False,"{'id': 1027, 'name': 'Ethereum', 'symbol': 'ETH', 'slug': 'ethereum', 'token_address': '0x7420B4b9a0110cdC71fB720908340C03F9Bc03EC'}",95,,,,2024-03-26T17:56:00.000Z,"{'USD': {'price': 0.02260930366732715, 'volume_24h': 260816162.39818683, 'volume_change_24h': 101.625, 'percent_change_1h': 1.22869252, 'percent_change_24h': 4.73064207, 'percent_change_7d': 27.27310168, 'percent_change_30d': 38.0707664, 'percent_change_60d': 334.43816747, 'percent_change_90d': 214.25905188, 'market_cap': 1114638663.5002575, 'market_cap_dominance': 0.0422, 'fully_diluted_market_cap': 1130465183.37, 'tvl': None, 'last_updated': '2024-03-26T17:56:00.000Z'}}"
11156,dYdX (ethDYDX),ETHDYDX,dydx-ethdydx,286,2021-08-03T00:00:00.000Z,"['cosmos-ecosystem', 'decentralized-exchange-dex-token', 'defi', 'derivatives', 'zero-knowledge-proofs', 'three-arrows-capital-portfolio', 'paradigm-portfolio', 'spartan-group']",,295616430.29,536043997.31,False,"{'id': 1027, 'name': 'Ethereum', 'symbol': 'ETH', 'slug': 'ethereum', 'token_address': '0x92d6c1e31e14520e676a687f0a93788b716beff5'}",96,377821714.0,1374481869.576102,,2024-03-26T17:55:00.000Z,"{'USD': {'price': 3.6379112651426437, 'volume_24h': 62834280.31582211, 'volume_change_24h': 14.9408, 'percent_change_1h': 0.35654621, 'percent_change_24h': 3.61037958, 'percent_change_7d': 12.05758018, 'percent_change_30d': 6.01800567, 'percent_change_60d': 36.12814356, 'percent_change_90d': 4.97493479, 'market_cap': 1075426341.9132462, 'market_cap_dominance': 0.0407, 'fully_diluted_market_cap': 1950080496.43, 'tvl': None, 'last_updated': '2024-03-26T17:55:00.000Z'}}"
4846,Kava,KAVA,kava,160,2019-10-25T00:00:00.000Z,"['cosmos-ecosystem', 'defi', 'binance-launchpad', 'binance-labs-portfolio', 'lending-borowing', 'arrington-xrp-capital-portfolio', 'framework-ventures-portfolio', 'hashkey-capital-portfolio', 'injective-ecosystem', 'layer-1', 'dwf-labs-portfolio']",1082860679.0,1082860629.0,1082860629.0,True,"{'id': 1027, 'name': 'Ethereum', 'symbol': 'ETH', 'slug': 'ethereum', 'token_address': '0x0C356B7fD36a5357E5A017EF11887ba100C9AB76'}",97,1082860629.0,1075470758.533075,,2024-03-26T17:56:00.000Z,"{'USD': {'price': 0.9931756033334139, 'volume_24h': 44222576.23596066, 'volume_change_24h': 69.281, 'percent_change_1h': 0.80051434, 'percent_change_24h': 2.51049906, 'percent_change_7d': 10.90069043, 'percent_change_30d': 24.33475292, 'percent_change_60d': 39.08433946, 'percent_change_90d': 6.67934653, 'market_cap': 1075470758.533075, 'market_cap_dominance': 0.0407, 'fully_diluted_market_cap': 1075470808.19, 'tvl': None, 'last_updated': '2024-03-26T17:56:00.000Z'}}"
28683,SATS,1000SATS,sats,32,2023-12-12T07:05:34.000Z,"['brc-20', 'inscriptions']",2100000000000.0,2100000000000.0,2100000000000.0,False,,98,,,,2024-03-26T17:56:00.000Z,"{'USD': {'price': 0.0005101054099474216, 'volume_24h': 39913118.94592476, 'volume_change_24h': -4.3974, 'percent_change_1h': 1.29030507, 'percent_change_24h': -3.56634781, 'percent_change_7d': 10.40863035, 'percent_change_30d': 6.30510627, 'percent_change_60d': 7.35486121, 'percent_change_90d': -35.77664077, 'market_cap': 1071221360.8895853, 'market_cap_dominance': 0.0405, 'fully_diluted_market_cap': 1071221360.89, 'tvl': None, 'last_updated': '2024-03-26T17:56:00.000Z'}}"
7186,PancakeSwap,CAKE,pancakeswap,1364,2020-09-25T00:00:00.000Z,"['collectibles-nfts', 'decentralized-exchange-dex-token', 'defi', 'smart-contracts', 'yield-farming', 'amm', 'binance-smart-chain', 'dex', 'governance', 'aptos-ecosystem']",450000000.0,245287282.89312276,386435965.669004,False,"{'id': 1027, 'name': 'Ethereum', 'symbol': 'ETH', 'slug': 'ethereum', 'token_address': '0x152649eA73beAb28c5b49B26eb48f7EAD6d4c898'}",99,,,0.44978916,2024-03-26T17:55:00.000Z,"{'USD': {'price': 4.353861255376875, 'volume_24h': 150917449.3962295, 'volume_change_24h': -19.9302, 'percent_change_1h': 0.81549056, 'percent_change_24h': -2.21421326, 'percent_change_7d': 13.41967043, 'percent_change_30d': 37.60592096, 'percent_change_60d': 68.75724916, 'percent_change_90d': 27.45651912, 'market_cap': 1067946797.4250343, 'market_cap_dominance': 0.0404, 'fully_diluted_market_cap': 1959237564.92, 'tvl': 2374327569.47235, 'last_updated': '2024-03-26T17:55:00.000Z'}}"
9104,AIOZ Network,AIOZ,aioz-network,68,2021-04-02T00:00:00.000Z,"['media', 'platform', 'ai-big-data', 'distributed-computing', 'smart-contracts', 'video', 'storage', 'web3', 'bnb-chain', 'generative-ai', 'layer-1', 'dwf-labs-portfolio', 'depin']",,1082232400.6456544,1082232400.6456544,False,,100,1082230996.8068497,1050633030.3139364,,2024-03-26T17:55:00.000Z,"{'USD': {'price': 0.9708029370937037, 'volume_24h': 26158929.04138516, 'volume_change_24h': -35.4393, 'percent_change_1h': 3.20348595, 'percent_change_24h': -5.94105019, 'percent_change_7d': 15.32203932, 'percent_change_30d': 201.57296171, 'percent_change_60d': 693.92285619, 'percent_change_90d': 642.28168474, 'market_cap': 1050634393.1647712, 'market_cap_dominance': 0.0397, 'fully_diluted_market_cap': 1050634393.16, 'tvl': None, 'last_updated': '2024-03-26T17:55:00.000Z'}}"
